name,link
"6.1折廣告6.21限時下訂買一送一 BLEU香水 藍色香水 蔚藍香精 男性淡香水100ml  EDT EDP持久留香男禮物木質香2 件 5折$2,450$1,489已售出 37嘉義市西區找相似",https://shopee.tw//6.21限時下訂買一送一-BLEU香水-藍色香水-蔚藍香精-男性淡香水100ml-EDT-EDP持久留香男禮物木質香-i.97576085.21310058821?sp_atk=a73ea0de-cb67-4c26-b8ec-fb8e0c9ed353&xptdk=a73ea0de-cb67-4c26-b8ec-fb8e0c9ed353
"6折廣告6.21限定下單買一送一 寶格❁麗香水大吉嶺茶原版 大吉嶺茶夜幽 大吉嶺茶極致 女士香水 中性淡香水男士淡香水100ml2 件 5折$2,800$1,680已售出 2嘉義市西區找相似",https://shopee.tw//6.21限定下單買一送一-寶格❁麗香水大吉嶺茶原版-大吉嶺茶夜幽-大吉嶺茶極致-女士香水-中性淡香水男士淡香水100ml-i.97576085.20010024391?sp_atk=285ffd48-0b3f-406f-a69a-a1142cc29448&xptdk=285ffd48-0b3f-406f-a69a-a1142cc29448
"4.5折廣告6.21限定下單買一送一 曠野之♥ SAUV♥AGE 香水香精100ml不正包退 EDT 男士香水 男香水淡香兩件五折2 件 5折$1,536 - $1,836嘉義市西區找相似",https://shopee.tw//6.21限定下單買一送一-曠野之♥-SAUV♥AGE-香水香精100ml不正包退-EDT-男士香水-男香水淡香兩件五折-i.97576085.21113768091?sp_atk=056e8401-bc38-427d-b015-6a0acee43971&xptdk=056e8401-bc38-427d-b015-6a0acee43971
"7.5折廣告6.21限定下單買一送一Maison Mar.giela 馬丁-馬吉拉淡香水泡泡浴 航海日 鮮花市場 慵懶週日 壁爐火光2 件 5折$2,980$2,236嘉義市西區找相似",https://shopee.tw//6.21限定下單買一送一Maison-Mar.giela-馬丁-馬吉拉淡香水泡泡浴-航海日-鮮花市場-慵懶週日-壁爐火光-i.97576085.14487936009?sp_atk=b10c6b9c-c7a3-4cc8-9869-ca4cf30b18e0&xptdk=b10c6b9c-c7a3-4cc8-9869-ca4cf30b18e0
"6.9折廣告6.21限定下單買一送一 MOS-CHI-NO Toy Boy 熊芯未泯2 泡泡熊淡香水 泰迪熊男性香水 女性小熊淡香水2 件 5折$2,280$1,580嘉義市西區找相似",https://shopee.tw//6.21限定下單買一送一-MOS-CHI-NO-Toy-Boy-熊芯未泯2-泡泡熊淡香水-泰迪熊男性香水-女性小熊淡香水-i.97576085.18112501133?sp_atk=a4cc7162-b6fb-4621-b49b-31ea9f28bc73&xptdk=a4cc7162-b6fb-4621-b49b-31ea9f28bc73
"6.3折MONTBLANC 萬寶龍 探尋旅者 男性淡香精 30m / 100ml / 200ml［ 10點半香水美妝 ］$2,699$1,700已售出 242臺中市西區找相似",https://shopee.tw//MONTBLANC-萬寶龍-探尋旅者-男性淡香精-30m-100ml-200ml［-10點半香水美妝-］-i.54574900.2067932022?sp_atk=4ff73cd1-1d6c-4dfa-97f0-cc7f6edb70c9&xptdk=4ff73cd1-1d6c-4dfa-97f0-cc7f6edb70c9
"蝦皮優選發票價 MONTBLANC Legend 萬寶龍傳奇經典男性淡香水 TESTER 100ml  傳奇至尊淡香精加價購$419 - $2,020已售出 2,717新北市新莊區找相似",https://shopee.tw//發票價-MONTBLANC-Legend-萬寶龍傳奇經典男性淡香水-TESTER-100ml-傳奇至尊淡香精-i.362777.12098753?sp_atk=1a516d37-20b5-42ba-a237-5d9aa33f0de1&xptdk=1a516d37-20b5-42ba-a237-5d9aa33f0de1
"【超激敗】Mont blanc 萬寶龍 傳奇經典 男性淡香水 30ML 50ML 100ML 200ML LEGEND$659 - $1,929已售出 1,106臺北市大同區找相似",https://shopee.tw//【超激敗】Mont-blanc-萬寶龍-傳奇經典-男性淡香水-30ML-50ML-100ML-200ML-LEGEND-i.4884871.26537262?sp_atk=4c548b5e-9a3b-497a-a2ec-c7da925bc8a1&xptdk=4c548b5e-9a3b-497a-a2ec-c7da925bc8a1
"【超激敗】Mont Blanc  萬寶龍 星際旅者 男性淡香水 50ML 75ML Starwalker$939已售出 2,711臺北市大同區找相似",https://shopee.tw//【超激敗】Mont-Blanc-萬寶龍-星際旅者-男性淡香水-50ML-75ML-Starwalker-i.4884871.26535675?sp_atk=cd72ee41-5b03-48dc-b8ec-f669c8ee2616&xptdk=cd72ee41-5b03-48dc-b8ec-f669c8ee2616
*試香* 水果優格Montblanc signature 萬寶龍 永恆之名 女性淡香精$40 - $170已售出 30臺北市信義區找相似,https://shopee.tw//*試香*-水果優格Montblanc-signature-萬寶龍-永恆之名-女性淡香精-i.3772003.11910490999?sp_atk=076e6596-d155-4992-bff7-0e4f7f7bc90d&xptdk=076e6596-d155-4992-bff7-0e4f7f7bc90d
"蝦皮優選~歐巴&歐尼~MONT BLANC EMBLEM 萬寶龍 男性淡香水 40ml 60ml 100ml$750 - $1,099已售出 3新北市三重區找相似",https://shopee.tw//~歐巴-歐尼~MONT-BLANC-EMBLEM-萬寶龍-男性淡香水-40ml-60ml-100ml-i.7520398.2794065840?sp_atk=95d0a9d7-039b-472b-b0fa-0044ef530084&xptdk=95d0a9d7-039b-472b-b0fa-0044ef530084
蝦皮優選現貨！正品公司貨！MONTBLANC萬寶龍 淡香水 4.5ml 傳奇經典/傳奇白朗峰/探尋旅者/同名/探尋藍海/傳奇烈紅$199 - $220已售出 83臺中市北屯區找相似,https://shopee.tw//現貨！正品公司貨！MONTBLANC萬寶龍-淡香水-4.5ml-傳奇經典-傳奇白朗峰-探尋旅者-同名-探尋藍海-傳奇烈紅-i.74996676.1935870416?sp_atk=b18958c4-b62d-4dcc-b5ea-5445673df394&xptdk=b18958c4-b62d-4dcc-b5ea-5445673df394
3折MONTBLANC 萬寶龍 星際旅者男性淡香水(50ml / 75ml / 75ml-TESTER)【美麗購】滿額折$30$799 - $899已售出 273苗栗縣後龍鎮找相似,https://shopee.tw//MONTBLANC-萬寶龍-星際旅者男性淡香水(50ml-75ml-75ml-TESTER)【美麗購】-i.10594066.841529523?sp_atk=557c83a8-438b-4d66-a39d-1ecfb8813666&xptdk=557c83a8-438b-4d66-a39d-1ecfb8813666
"【超激敗】Mont blanc Emblem 萬寶龍 男性淡香水 40ML 60ML 100ML$729 - $1,209已售出 172臺北市大同區找相似",https://shopee.tw//【超激敗】Mont-blanc-Emblem-萬寶龍-男性淡香水-40ML-60ML-100ML-i.4884871.26534823?sp_atk=ce9b1ee8-315f-4777-8d64-08268bbb1f04&xptdk=ce9b1ee8-315f-4777-8d64-08268bbb1f04
♦️Mont Blanc 萬寶龍 系列香水♦️探尋旅者 白朗峰  傳奇 星際旅者 愛分享分裝專區 1ML  3ML熱銷中$15 - $60已售出 57高雄市三民區找相似,https://shopee.tw//♦️Mont-Blanc-萬寶龍-系列香水♦️探尋旅者-白朗峰-傳奇-星際旅者-愛分享分裝專區-1ML-3ML熱銷中-i.2468798.10332419243?sp_atk=96871b82-1efa-4063-b2e4-26ae8dbae7e6&xptdk=96871b82-1efa-4063-b2e4-26ae8dbae7e6
"4折廣告❁買一送一❁JM馬-龍香水五件套 藍風鈴/英國梨/女生香水禮盒附帶專櫃提袋30ml/100ml 附帶專櫃提袋，不正包退2 件 5折$998 - $2,168已售出 2臺北市松山區找相似",https://shopee.tw//❁買一送一❁JM馬-龍香水五件套-藍風鈴-英國梨-女生香水禮盒附帶專櫃提袋30ml-100ml-附帶專櫃提袋，不正包退-i.97576140.21709208571?sp_atk=27149cb3-0a14-4aae-a6d5-05bd27627e79&xptdk=27149cb3-0a14-4aae-a6d5-05bd27627e79
"廣告【專櫃+免運+發票】 Pour Homme Soir大吉嶺夜幽 極致 男士淡香水 男士香水 EDT$1,000已售出 45桃園市大園區找相似",https://shopee.tw//【專櫃-免運-發票】-Pour-Homme-Soir大吉嶺夜幽-極致-男士淡香水-男士香水-EDT-i.5263687.16231029056?sp_atk=1a1044f9-5f9c-4357-8401-a121e3a8dae8&xptdk=1a1044f9-5f9c-4357-8401-a121e3a8dae8
"5.3折廣告❁買一送一❁M*aison M*argiela馬丁❁馬吉拉淡香水 慵懶週日 泡泡浴 航海日 鮮花市場 壁爐火光 咖啡時光2 件 5折$3,250$1,718臺北市松山區找相似",https://shopee.tw//❁買一送一❁M*aison-M*argiela馬丁❁馬吉拉淡香水-慵懶週日-泡泡浴-航海日-鮮花市場-壁爐火光-咖啡時光-i.97576140.21612503131?sp_atk=077ef390-8ff3-4521-a442-968dd9047726&xptdk=077ef390-8ff3-4521-a442-968dd9047726
"3.8折廣告6.21限定下單 買一送一 ARMAN1高級訂製淡香水 蘇州牡丹 香格里拉茶園 玉龍茶香中性男女香100ml2 件 5折$1,688 - $2,088已售出 8嘉義市西區找相似",https://shopee.tw//6.21限定下單-買一送一-ARMAN1高級訂製淡香水-蘇州牡丹-香格里拉茶園-玉龍茶香中性男女香100ml-i.97576085.17270067330?sp_atk=bd04945f-3290-4e68-96d4-35508c1ba800&xptdk=bd04945f-3290-4e68-96d4-35508c1ba800
"6折廣告6.21下單 買一送一 法國 celin💥e香水 思琳 塞琳香水 夜未央 禮服 彰顯 聖日爾曼 加州之泉香水 100ML2 件 5折$3,280$1,980嘉義市西區找相似",https://shopee.tw//6.21下單-買一送一-法國-celin💥e香水-思琳-塞琳香水-夜未央-禮服-彰顯-聖日爾曼-加州之泉香水-100ML-i.97576085.18912158298?sp_atk=d25bca52-4632-45fa-bbe0-41535584cfbd&xptdk=d25bca52-4632-45fa-bbe0-41535584cfbd
"蝦皮優選~歐巴&歐尼~MONTBLANC 萬寶龍 傳奇白朗峰男性淡香水 30ml 50ml 100ml$699 - $1,150已售出 13新北市三重區找相似",https://shopee.tw//~歐巴-歐尼~MONTBLANC-萬寶龍-傳奇白朗峰男性淡香水-30ml-50ml-100ml-i.7520398.2794045363?sp_atk=5091cffb-8b2c-46fb-9885-45a44a6b76f4&xptdk=5091cffb-8b2c-46fb-9885-45a44a6b76f4
HUAHUA香水美妝 Montblanc Emblem 萬寶龍 六角芒星 男性淡香水 40 100ML【全新正品】$699已售出 10臺北市中山區找相似,https://shopee.tw//HUAHUA香水美妝-Montblanc-Emblem-萬寶龍-六角芒星-男性淡香水-40-100ML【全新正品】-i.935762.440459402?sp_atk=f8921db1-ae34-44b0-8bbc-1ddc693889a3&xptdk=f8921db1-ae34-44b0-8bbc-1ddc693889a3
"『WNP』Mont Blanc LEGEND 萬寶龍 傳奇經典 男性淡香水 100ml/50ml/30ml$685 - $1,820已售出 59臺北市大同區找相似",https://shopee.tw//『WNP』Mont-Blanc-LEGEND-萬寶龍-傳奇經典-男性淡香水-100ml-50ml-30ml-i.80228033.1351886438?sp_atk=fbb9915b-b2d4-4f88-858f-9eb9f88dca22&xptdk=fbb9915b-b2d4-4f88-858f-9eb9f88dca22
《尋香小站 》MONTBLANC EMBLEM 萬寶龍 男性淡香水 40/60/100ml 六芒星全新正品$790 - $990已售出 2新北市三重區找相似,https://shopee.tw//《尋香小站-》MONTBLANC-EMBLEM-萬寶龍-男性淡香水-40-60-100ml-六芒星全新正品-i.6261367.171604225?sp_atk=396a8edc-d1ab-4eb2-8971-c1ead076d002&xptdk=396a8edc-d1ab-4eb2-8971-c1ead076d002
"MONT BLANC LEGEND SPIRIT 萬寶龍 傳奇白朗峰 男性淡香水$698 - $1,188已售出 4找相似",https://shopee.tw//MONT-BLANC-LEGEND-SPIRIT-萬寶龍-傳奇白朗峰-男性淡香水-i.2761441.6620853450?sp_atk=3b985566-3530-4dcd-8c62-973d141c7de2&xptdk=3b985566-3530-4dcd-8c62-973d141c7de2
"Montblanc 萬寶龍傳奇經典男性淡香水100ml Vivo薇朵$1,299已售出 46臺北市大安區找相似",https://shopee.tw//Montblanc-萬寶龍傳奇經典男性淡香水100ml-Vivo薇朵-i.22056733.1824217769?sp_atk=52939fa3-95b0-4a74-8ef8-4526c0d9ac7e&xptdk=52939fa3-95b0-4a74-8ef8-4526c0d9ac7e
3.5折MONTBLANC 萬寶龍 香水迷你瓶多款可選[傳奇經典/傳奇紳夜男仕/EMBLEM 男性/傳奇白朗峰]【美麗購】$600$208已售出 777苗栗縣後龍鎮找相似,https://shopee.tw//MONTBLANC-萬寶龍-香水迷你瓶多款可選-傳奇經典-傳奇紳夜男仕-EMBLEM-男性-傳奇白朗峰-【美麗購】-i.10594066.1077010147?sp_atk=41abcfc1-62ea-4e5e-9be6-ddfff17aa084&xptdk=41abcfc1-62ea-4e5e-9be6-ddfff17aa084
蝦皮優選~歐巴&歐尼~Montblanc Individuel 萬寶龍 獨白 男性淡香水  75ml TESTER$799已售出 6新北市三重區找相似,https://shopee.tw//~歐巴-歐尼~Montblanc-Individuel-萬寶龍-獨白-男性淡香水-75ml-TESTER-i.7520398.2794014783?sp_atk=cf26af18-68a2-4410-bade-6776a6ae273c&xptdk=cf26af18-68a2-4410-bade-6776a6ae273c
小蜜蜂賣場-萬寶龍星際旅者男性淡香水75ML$770已售出 11臺北市大同區找相似,https://shopee.tw//小蜜蜂賣場-萬寶龍星際旅者男性淡香水75ML-i.4692068.18695639?sp_atk=2f432038-ffc8-47c4-8060-674c51bb3d69&xptdk=2f432038-ffc8-47c4-8060-674c51bb3d69
HUAHUA香水美妝 Montblanc Starwalker 萬寶龍星際旅者男性淡香水 50 75ML 【全新正品】$880 - $930已售出 433臺北市中山區找相似,https://shopee.tw//HUAHUA香水美妝-Montblanc-Starwalker-萬寶龍星際旅者男性淡香水-50-75ML-【全新正品】-i.935762.67866806?sp_atk=f5669c9b-b91a-454a-aba6-f7c038ef8917&xptdk=f5669c9b-b91a-454a-aba6-f7c038ef8917
"5.2折廣告❁買一送一❁Y⭐S⭐L自由不羈淡香精 香水 女性香水 Libre 淡香水 香水 100ml 50ml 附帶專櫃提袋2 件 5折$1,486 - $1,822已售出 3臺北市松山區找相似",https://shopee.tw//❁買一送一❁Y⭐S⭐L自由不羈淡香精-香水-女性香水-Libre-淡香水-香水-100ml-50ml-附帶專櫃提袋-i.97576140.12793455774?sp_atk=b0281085-c9d6-4822-a583-82add3bada87&xptdk=b0281085-c9d6-4822-a583-82add3bada87
"廣告100%正品【帶發票+禮袋】香水⚗英國梨與小蒼蘭 鼠尾草與海鹽 藍風鈴 30ml/100ml 中性香水 男女香水滿額折$99滿額贈$725 - $1,120已售出 93桃園市大園區找相似",https://shopee.tw//100-正品【帶發票-禮袋】香水⚗英國梨與小蒼蘭-鼠尾草與海鹽-藍風鈴-30ml-100ml-中性香水-男女香水-i.763643695.18501527118?sp_atk=d95c5fc9-404e-4045-b3ce-f663cab56d83&xptdk=d95c5fc9-404e-4045-b3ce-f663cab56d83
"8折廣告💋買一送一💋髒話香水 Juicy C0uture  淡香水 100ml 橘滋 臟話 壞男孩 男士香水 100ml2 件 5折$1,980$1,580新北市石門區找相似",https://shopee.tw//💋買一送一💋髒話香水-Juicy-C0uture-淡香水-100ml-橘滋-臟話-壞男孩-男士香水-100ml-i.97578126.18712167963?sp_atk=2fedbb1e-eb0d-41a7-9e76-c83a5ee16959&xptdk=2fedbb1e-eb0d-41a7-9e76-c83a5ee16959
"5.3折廣告❁買一送一❁ Le⭐Lab 實驗⭐室香水同款 31玫瑰 29紅茶 33檀香木 佛手柑 紅茶 10東京 淡香水100ml2 件 5折$3,189$1,680已售出 8臺北市松山區找相似",https://shopee.tw//❁買一送一❁-Le⭐Lab-實驗⭐室香水同款-31玫瑰-29紅茶-33檀香木-佛手柑-紅茶-10東京-淡香水100ml-i.97576140.19507127841?sp_atk=3ad8e38e-6747-4726-9cc4-a141da003c2e&xptdk=3ad8e38e-6747-4726-9cc4-a141da003c2e
"廣告免運㊣【附發票+禮品袋】🌿藍風鈴 鼠尾草與海鹽 英國梨與小蒼蘭 全新塑封 男女士通用香水 持久留香30ml/100ml滿額折$100$722 - $1,125已售出 30桃園市大園區找相似",https://shopee.tw//免運㊣【附發票-禮品袋】🌿藍風鈴-鼠尾草與海鹽-英國梨與小蒼蘭-全新塑封-男女士通用香水-持久留香30ml-100ml-i.766107115.21501548056?sp_atk=ea1d25a1-0645-4237-b338-962c386c77c9&xptdk=ea1d25a1-0645-4237-b338-962c386c77c9
現貨🔥Montblanc 萬寶龍探尋旅者男性淡香精 小鐵盒$399高雄市楠梓區找相似,https://shopee.tw//現貨🔥Montblanc-萬寶龍探尋旅者男性淡香精-小鐵盒-i.68997768.11528359635?sp_atk=516de323-a7ec-48c0-841b-9a8c97e013dd&xptdk=516de323-a7ec-48c0-841b-9a8c97e013dd
萬寶龍Emblem 六芒星 男性淡香水（40ml）$699臺南市南區找相似,https://shopee.tw//萬寶龍Emblem-六芒星-男性淡香水（40ml）-i.18900763.5515866722?sp_atk=a6630968-e93a-47e9-8f99-e54680a27f68&xptdk=a6630968-e93a-47e9-8f99-e54680a27f68
"蝦皮優選☆MOMO小屋☆ MONTBLANC EMBLEM LEAU 萬寶龍 海洋之心 女性淡香水 75ml TESTER$1,330已售出 4臺北市萬華區找相似",https://shopee.tw//☆MOMO小屋☆-MONTBLANC-EMBLEM-LEAU-萬寶龍-海洋之心-女性淡香水-75ml-TESTER-i.2919063.1079545200?sp_atk=fcabc82f-4421-4580-a216-b35ad064a381&xptdk=fcabc82f-4421-4580-a216-b35ad064a381
MONT BLANC  傳奇經典男性淡香水4.5ml全新 現貨$190 - $240已售出 8高雄市鹽埕區找相似,https://shopee.tw//MONT-BLANC-傳奇經典男性淡香水4.5ml全新-現貨-i.412345.3079107?sp_atk=1c3bf41c-b8eb-43b3-b9a5-ed611bab2ec3&xptdk=1c3bf41c-b8eb-43b3-b9a5-ed611bab2ec3
"《尋香小站 》MONTBLANC EMBLEM 萬寶龍 海洋之心 女性淡香水30/75ml 全新正品$980 - $1,480新北市三重區找相似",https://shopee.tw//《尋香小站-》MONTBLANC-EMBLEM-萬寶龍-海洋之心-女性淡香水30-75ml-全新正品-i.6261367.813310574?sp_atk=cbd5496b-d5dd-4151-9ed2-3466d4b6aebf&xptdk=cbd5496b-d5dd-4151-9ed2-3466d4b6aebf
"波妮香水♥ MontBlanc Emblem Intense 萬寶龍 銀河 男性淡香水 60ml / 100ml$1,350 - $1,490已售出 1新北市新店區找相似",https://shopee.tw//波妮香水♥-MontBlanc-Emblem-Intense-萬寶龍-銀河-男性淡香水-60ml-100ml-i.81930378.1520301047?sp_atk=0f06d736-cca1-4042-971a-09593da9f538&xptdk=0f06d736-cca1-4042-971a-09593da9f538
"MONTBLANC 萬寶龍 Emblem Absolu 至尊之星 男性淡香水 100ml / TESTER 【小7美妝】$1,199已售出 3臺北市大同區找相似",https://shopee.tw//MONTBLANC-萬寶龍-Emblem-Absolu-至尊之星-男性淡香水-100ml-TESTER-【小7美妝】-i.3949228.1841242168?sp_atk=adaff33b-5404-4c34-aace-ca3c61d389d7&xptdk=adaff33b-5404-4c34-aace-ca3c61d389d7
◇MOLI 莫麗◇Mont Blanc 萬寶龍 星際旅者男性淡香水 75ml TESTER 203-135$790已售出 5臺北市中正區找相似,https://shopee.tw//◇MOLI-莫麗◇Mont-Blanc-萬寶龍-星際旅者男性淡香水-75ml-TESTER-203-135-i.2299401.5047667?sp_atk=6e51e7e3-35e4-4a49-a99b-8644f7c6ce0b&xptdk=6e51e7e3-35e4-4a49-a99b-8644f7c6ce0b
"現貨 經典優雅💕 MONTBLANC Legend 萬寶龍 傳奇經典 男性淡香水 30ml 50ml 100ml 💯正品$1,120已售出 2桃園市中壢區找相似",https://shopee.tw//現貨-經典優雅💕-MONTBLANC-Legend-萬寶龍-傳奇經典-男性淡香水-30ml-50ml-100ml-💯正品-i.14197764.5386555460?sp_atk=664a75d7-1d47-4113-acda-e6b89deb6930&xptdk=664a75d7-1d47-4113-acda-e6b89deb6930
"『WNP』MONTBLANC 萬寶龍 INDIVIDUEL 獨白男性淡香水 75ml$1,035臺北市大同區找相似",https://shopee.tw//『WNP』MONTBLANC-萬寶龍-INDIVIDUEL-獨白男性淡香水-75ml-i.80228033.1827965839?sp_atk=617586be-b85a-47f6-9334-88b89d3fc2a4&xptdk=617586be-b85a-47f6-9334-88b89d3fc2a4
廣告免運㊣【附發票+禮品袋】Pour Homme Soir大吉嶺茶 男性香水 原版/極緻/夜幽100ml 男士香水 持久留香滿額折$100$998桃園市大園區找相似,https://shopee.tw//免運㊣【附發票-禮品袋】Pour-Homme-Soir大吉嶺茶-男性香水-原版-極緻-夜幽100ml-男士香水-持久留香-i.766107115.19513430400?sp_atk=a12c90ef-95f6-4a2c-8f03-99f187b1698d&xptdk=a12c90ef-95f6-4a2c-8f03-99f187b1698d
"5.3折廣告💋買一送一💋Bvlg❁ari 寶格❁麗 香水 大吉嶺茶 原版+夜幽+極致 女士香水 中性淡香水 男士淡香水2 件 5折$2,880$1,530已售出 2新北市石門區找相似",https://shopee.tw//💋買一送一💋Bvlg❁ari-寶格❁麗-香水-大吉嶺茶-原版-夜幽-極致-女士香水-中性淡香水-男士淡香水-i.97578126.10396369053?sp_atk=34288536-e74d-4a35-9a66-02c4e13f3559&xptdk=34288536-e74d-4a35-9a66-02c4e13f3559
"5.4折廣告❁買一送一❁Chloé 蔻依香水 小豬包 愛情故事 經典同名女性香水 肉絲帶 淡香水 玫瑰香水 克羅伊分裝試香 75ml2 件 5折$2,880$1,558臺北市松山區找相似",https://shopee.tw//❁買一送一❁Chloé-蔻依香水-小豬包-愛情故事-經典同名女性香水-肉絲帶-淡香水-玫瑰香水-克羅伊分裝試香-75ml-i.97576140.15388063692?sp_atk=faf8b21c-3a52-4682-a35d-3770a510ead6&xptdk=faf8b21c-3a52-4682-a35d-3770a510ead6
"蝦皮優選廣告MONTBLANC 萬寶龍 Legend 傳奇經典 男性淡香水 EDT 🚚超取免運滿額折$70$990 - $2,590臺北市大同區找相似",https://shopee.tw//MONTBLANC-萬寶龍-Legend-傳奇經典-男性淡香水-EDT-🚚超取免運-i.88594781.15386850501?sp_atk=de906416-a3d6-4294-a146-c18ef10bae52&xptdk=de906416-a3d6-4294-a146-c18ef10bae52
"5.6折廣告❁買一送一❁Ch10e寇-衣 經典肉絲帶 黃絲帶女士香水 女性淡香精 克羅伊 同名女性香水75ML2 件 5折$2,800$1,558臺北市松山區找相似",https://shopee.tw//❁買一送一❁Ch10e寇-衣-經典肉絲帶-黃絲帶女士香水-女性淡香精-克羅伊-同名女性香水75ML-i.97576140.20009712778?sp_atk=ff749e4e-38c9-47e4-b188-511f72d05afa&xptdk=ff749e4e-38c9-47e4-b188-511f72d05afa
"蝦皮優選廣告MONTBLANC 萬寶龍 Legend 傳奇至尊 男性淡香精 香水 EDP滿額折$70$2,150臺北市大同區找相似",https://shopee.tw//MONTBLANC-萬寶龍-Legend-傳奇至尊-男性淡香精-香水-EDP-i.88594781.17273264037?sp_atk=072c2ad6-1169-49b8-8aa7-0d79f7b2ea24&xptdk=072c2ad6-1169-49b8-8aa7-0d79f7b2ea24
MONT BLANC 萬寶龍傳奇經典男香 1.2ml 全新 可噴式 試管香水$85已售出 198臺中市北區找相似,https://shopee.tw//MONT-BLANC-萬寶龍傳奇經典男香-1.2ml-全新-可噴式-試管香水-i.643856.37464862?sp_atk=68a6bebb-7984-4fc3-8f80-02c0356d9ceb&xptdk=68a6bebb-7984-4fc3-8f80-02c0356d9ceb
"🤍各大品牌香水出售🤍$980 - $3,500新竹縣竹北市找相似",https://shopee.tw//🤍各大品牌香水出售🤍-i.107807425.14702363701?sp_atk=336cfcb1-8f2f-4339-9541-6d3a039b15f1&xptdk=336cfcb1-8f2f-4339-9541-6d3a039b15f1
"MONT BLANC EMBLEM INTENSE 萬寶龍 銀河 男性淡香水 100ML/60ML✰YENGEE✰$1,199已售出 1臺北市大同區找相似",https://shopee.tw//MONT-BLANC-EMBLEM-INTENSE-萬寶龍-銀河-男性淡香水-100ML-60ML✰YENGEE✰-i.20782639.6342560861?sp_atk=9edee5e1-b8c7-4b06-949d-05f6875b0661&xptdk=9edee5e1-b8c7-4b06-949d-05f6875b0661
"MONT BLANC 萬寶龍 EMBLEM INTENSE 銀河 男性淡香水 60ml / 100ML『WNP』$1,199已售出 1臺北市大同區找相似",https://shopee.tw//MONT-BLANC-萬寶龍-EMBLEM-INTENSE-銀河-男性淡香水-60ml-100ML『WNP』-i.80228033.3219714535?sp_atk=6c08f96b-5d78-43df-be20-43cd635e197b&xptdk=6c08f96b-5d78-43df-be20-43cd635e197b
"MONT BLANC individuel 萬寶龍 獨白 男性香水75ml&50ml滿額折$60$1,070已售出 8嘉義市東區找相似",https://shopee.tw//MONT-BLANC-individuel-萬寶龍-獨白-男性香水75ml-50ml-i.35650859.1494057824?sp_atk=6bbbd6fa-232e-40c7-b5ff-ec3887d49e21&xptdk=6bbbd6fa-232e-40c7-b5ff-ec3887d49e21
Montblanc 萬寶龍 Starwalker 星際旅者男性淡香水  75ML TESTER 有蓋頭 香水 公司貨$880已售出 43新北市中和區找相似,https://shopee.tw//Montblanc-萬寶龍-Starwalker-星際旅者男性淡香水-75ML-TESTER-有蓋頭-香水-公司貨-i.4182935.22332832?sp_atk=e13d6baf-5899-4b7e-8ed4-25d5817335a1&xptdk=e13d6baf-5899-4b7e-8ed4-25d5817335a1
Mont Blanc 萬寶龍 星際旅者 男性淡香水試香紙【香水會社】$60已售出 3臺北市士林區找相似,https://shopee.tw//Mont-Blanc-萬寶龍-星際旅者-男性淡香水試香紙【香水會社】-i.16428817.7996163940?sp_atk=cb8a9093-e576-49d7-b59c-1046fb72cbf3&xptdk=cb8a9093-e576-49d7-b59c-1046fb72cbf3
MONTBLANC 萬寶龍星際旅者男性淡香水75ml滿額折$30$850已售出 8嘉義市東區找相似,https://shopee.tw//MONTBLANC-萬寶龍星際旅者男性淡香水75ml-i.35650859.1494072591?sp_atk=2981b20e-dd1d-4166-a2a3-a78f64d7fe60&xptdk=2981b20e-dd1d-4166-a2a3-a78f64d7fe60
"MONTBLANC 萬寶龍 極致淑女 女性淡香精 75ml《小平頭香水店》$1,800 - $1,850臺北市大同區找相似",https://shopee.tw//MONTBLANC-萬寶龍-極致淑女-女性淡香精-75ml《小平頭香水店》-i.921988.17264603312?sp_atk=f864eab0-cb9f-4732-9602-3c7651c5fbde&xptdk=f864eab0-cb9f-4732-9602-3c7651c5fbde
"廣告【專櫃+免運+發票】組合4件套小香 小樣 真我+純香心悅 Jadore 花漾甜心+粉色魅惑 女性香水$1,250已售出 85桃園市大園區找相似",https://shopee.tw//【專櫃-免運-發票】組合4件套小香-小樣-真我-純香心悅-Jadore-花漾甜心-粉色魅惑-女性香水-i.5263687.17628508760?sp_atk=50d676e4-b09d-44ee-aa1d-83ccbdd0226a&xptdk=50d676e4-b09d-44ee-aa1d-83ccbdd0226a
"廣告【專櫃+免運+發票】現貨 blue 蔚藍香水 男士香水  100ml 魅力男香 經典持久$1,100 - $1,500已售出 39桃園市大園區找相似",https://shopee.tw//【專櫃-免運-發票】現貨-blue-蔚藍香水-男士香水-100ml-魅力男香-經典持久-i.5263687.11789958561?sp_atk=8ed40efe-79f4-42c3-9aa0-36d6ea8878b2&xptdk=8ed40efe-79f4-42c3-9aa0-36d6ea8878b2
廣告免運㊣【附發票+禮品袋】曠野 Sauvage 曠野男士香水 曠野之心 EDT淡香水 EDP濃香 男性香水100ml滿額折$100滿額贈$980已售出 63桃園市大園區找相似,https://shopee.tw//免運㊣【附發票-禮品袋】曠野-Sauvage-曠野男士香水-曠野之心-EDT淡香水-EDP濃香-男性香水100ml-i.766107115.15182650319?sp_atk=4b493392-2daa-4177-a7db-134cf90bd6fd&xptdk=4b493392-2daa-4177-a7db-134cf90bd6fd
"5.7折廣告💋買一送一💋LOE❁WE 羅意❁威 001系列 事後清晨 清晨香水系列 無性別中性款古龍水50ml 100ml2 件 5折$3,250$1,858已售出 2新北市石門區找相似",https://shopee.tw//💋買一送一💋LOE❁WE-羅意❁威-001系列-事後清晨-清晨香水系列-無性別中性款古龍水50ml-100ml-i.97578126.16073641781?sp_atk=c266fa1a-df2e-4877-8eaa-5058f077374d&xptdk=c266fa1a-df2e-4877-8eaa-5058f077374d
"5.8折廣告❁買一送一❁塞琳香水 思琳 法國高定 celi❁ne 香水 夜未央 禮服 🤵🏻彰顯 聖日爾曼 加州之泉 香水100ML2 件 5折$3,150$1,820臺北市松山區找相似",https://shopee.tw//❁買一送一❁塞琳香水-思琳-法國高定-celi❁ne-香水-夜未央-禮服-🤵🏻彰顯-聖日爾曼-加州之泉-香水100ML-i.97576140.13894079232?sp_atk=c113e374-f92a-4a7c-8049-166b54d80ef3&xptdk=c113e374-f92a-4a7c-8049-166b54d80ef3
"Mont blanc Individuel 萬寶龍 獨白 男性淡香水 75ML TESTER《小平頭香水店》$830 - $1,035已售出 23臺北市大同區找相似",https://shopee.tw//Mont-blanc-Individuel-萬寶龍-獨白-男性淡香水-75ML-TESTER《小平頭香水店》-i.921988.4482487?sp_atk=f4a01d5c-572d-48f8-a79b-602c26fe51ce&xptdk=f4a01d5c-572d-48f8-a79b-602c26fe51ce
"◆NANA◆Mont blanc individuel 萬寶龍 絕代風華 女性淡香水 75ml TESTER$950 - $1,080已售出 1臺北市大同區找相似",https://shopee.tw//◆NANA◆Mont-blanc-individuel-萬寶龍-絕代風華-女性淡香水-75ml-TESTER-i.357737.4397632527?sp_atk=b858b3cf-3b92-4e58-ad7e-04c7f0160606&xptdk=b858b3cf-3b92-4e58-ad7e-04c7f0160606
MONT BLANC  傳奇經典男性淡香水4.5ml全新 現貨$190 - $240已售出 8高雄市鹽埕區找相似,https://shopee.tw//MONT-BLANC-傳奇經典男性淡香水4.5ml全新-現貨-i.412345.3079107?sp_atk=368af5b6-c6e9-4184-b7a2-8955ba53432e&xptdk=368af5b6-c6e9-4184-b7a2-8955ba53432e
MONTBLANC 萬寶龍 星際旅者男性淡香水 75ml【娜娜OUTLET】Starwalker 情人節禮物 送禮 禮物$999已售出 1臺中市大里區找相似,https://shopee.tw//MONTBLANC-萬寶龍-星際旅者男性淡香水-75ml【娜娜OUTLET】Starwalker-情人節禮物-送禮-禮物-i.10797580.4468213395?sp_atk=267e86b9-533e-4a7e-b958-d1e26f8672d8&xptdk=267e86b9-533e-4a7e-b958-d1e26f8672d8
"蝦皮優選~歐巴&歐尼~MONTBLANC 萬寶龍 海洋之心 淡香水 30ml 50ml 75ml$1,199 - $1,499已售出 1新北市三重區找相似",https://shopee.tw//~歐巴-歐尼~MONTBLANC-萬寶龍-海洋之心-淡香水-30ml-50ml-75ml-i.7520398.2911946356?sp_atk=d9b2e9fe-538c-4afd-b142-969756ff14ce&xptdk=d9b2e9fe-538c-4afd-b142-969756ff14ce
"蝦皮優選【公司貨】Montblanc萬寶龍 傳奇白朗峰男仕淡香水 | 達菲斯香水 美材 附發票$900 - $1,380臺中市南區找相似",https://shopee.tw//【公司貨】Montblanc萬寶龍-傳奇白朗峰男仕淡香水-達菲斯香水-美材-附發票-i.352300614.8135568300?sp_atk=38c30c5d-f395-4b39-9f0d-44ab629e73e0&xptdk=38c30c5d-f395-4b39-9f0d-44ab629e73e0
"MONT BLANC 萬寶龍 EMBLEM INTENSE 銀河 男性淡香水 60ml / 100ML『WNP』$1,199已售出 1臺北市大同區找相似",https://shopee.tw//MONT-BLANC-萬寶龍-EMBLEM-INTENSE-銀河-男性淡香水-60ml-100ML『WNP』-i.80228033.3219714535?sp_atk=40e22bfa-8cf6-4a11-ab39-d805e53d5ae4&xptdk=40e22bfa-8cf6-4a11-ab39-d805e53d5ae4
蝦皮優選香妮💋Mont blanc 萬寶龍 Presence 星辰 男性淡香水 75ml/【TESTER包裝】♫$860已售出 4高雄市路竹區找相似,https://shopee.tw//香妮💋Mont-blanc-萬寶龍-Presence-星辰-男性淡香水-75ml-【TESTER包裝】♫-i.131326797.2682287768?sp_atk=a2d45e10-2af4-4844-929d-35c249a2fbe6&xptdk=a2d45e10-2af4-4844-929d-35c249a2fbe6
"【Mont Blanc】萬寶龍 星際旅者 男性淡香水 75ml「加州歐美服飾-高雄」$1,300已售出 13高雄市鳳山區找相似",https://shopee.tw//【Mont-Blanc】萬寶龍-星際旅者-男性淡香水-75ml「加州歐美服飾-高雄」-i.6865051.160436174?sp_atk=f7453d65-5045-49ac-a131-bea4fa306252&xptdk=f7453d65-5045-49ac-a131-bea4fa306252
"6.1折MontBlanc Signature萬寶龍永恆之名女性淡香精 東方調花香調乳香依蘭依蘭麝香女用香水女香9.2折$1,069 - $2,300花蓮縣花蓮市找相似",https://shopee.tw//MontBlanc-Signature萬寶龍永恆之名女性淡香精-東方調花香調乳香依蘭依蘭麝香女用香水女香-i.603888869.19902358105?sp_atk=e52c6e64-f9e8-40d5-b59a-214363eaf640&xptdk=e52c6e64-f9e8-40d5-b59a-214363eaf640
蝦皮優選廣告Davidoff 大衛杜夫 Cool Water 冷泉 女性淡香水 EDT 🚚超取免運滿額折$70$650 - $750已售出 1臺北市大同區找相似,https://shopee.tw//Davidoff-大衛杜夫-Cool-Water-冷泉-女性淡香水-EDT-🚚超取免運-i.88594781.13058769550?sp_atk=b51bc897-18ab-4506-9517-3c4f3422b14d&xptdk=b51bc897-18ab-4506-9517-3c4f3422b14d
"蝦皮優選廣告BVLGARI 寶格麗 Omnia Crystalline 晶澈 女性淡香水 EDT 65ml 正品包裝滿額折$70$2,350已售出 1臺北市大同區找相似",https://shopee.tw//BVLGARI-寶格麗-Omnia-Crystalline-晶澈-女性淡香水-EDT-65ml-正品包裝-i.88594781.17552684667?sp_atk=c466e632-534e-4258-a7ab-72452c002bda&xptdk=c466e632-534e-4258-a7ab-72452c002bda
"廣告MontBlanc 萬寶龍傳奇白朗峰淡香水
$299找相似",https://shopee.tw//MontBlanc-萬寶龍傳奇白朗峰淡香水-i.332525816.20208111438?sp_atk=d3fc36e4-ea30-463e-ac68-6ab7e5f4afc3&xptdk=d3fc36e4-ea30-463e-ac68-6ab7e5f4afc3
"5.8折廣告【買一送一】🔆cha-nel 香-奈-兒 試香 禮盒 4件套 摩登coco 分裝香水 邂逅 N°5 小樣 女香 香水滿額折$1002 件 9.6折$1,189 - $2,178新竹市北區找相似",https://shopee.tw//【買一送一】🔆cha-nel-香-奈-兒-試香-禮盒-4件套-摩登coco-分裝香水-邂逅-N°5-小樣-女香-香水-i.2751930.19607733532?sp_atk=4d2a99ae-15cc-498f-8722-106675909c11&xptdk=4d2a99ae-15cc-498f-8722-106675909c11
"蝦皮優選廣告Bvlgari 寶格麗 AQVA POUR HOMME MARINE 活力海洋能量 男性淡香水 EDT 🚚超取免運滿額折$70$2,500已售出 1臺北市大同區找相似",https://shopee.tw//Bvlgari-寶格麗-AQVA-POUR-HOMME-MARINE-活力海洋能量-男性淡香水-EDT-🚚超取免運-i.88594781.10683783013?sp_atk=fd291034-41b6-4f4d-88eb-f1ab6863d7c2&xptdk=fd291034-41b6-4f4d-88eb-f1ab6863d7c2
"蝦皮優選【公司貨】MONTBLANC 萬寶龍探尋旅者男性淡香精 100ml Tester 環保包裝 | 8DAILY香水美材批發$1,200已售出 3苗栗縣頭份市找相似",https://shopee.tw//【公司貨】MONTBLANC-萬寶龍探尋旅者男性淡香精-100ml-Tester-環保包裝-8DAILY香水美材批發-i.1454108.15447525305?sp_atk=f0ae9014-9b78-42c8-b8a1-04cf6e3eec73&xptdk=f0ae9014-9b78-42c8-b8a1-04cf6e3eec73
"沒有名字的香水店? 萬寶龍 MONTBLANC 傳奇白朗峰男仕淡香水 EDT 100ML/50ML$679 - $1,080已售出 1臺北市大同區找相似",https://shopee.tw//沒有名字的香水店-萬寶龍-MONTBLANC-傳奇白朗峰男仕淡香水-EDT-100ML-50ML-i.74027495.2189597356?sp_atk=88d551a2-6508-4db9-b6df-5618c2d383a0&xptdk=88d551a2-6508-4db9-b6df-5618c2d383a0
3.5折MONTBLANC 萬寶龍 傳奇經典男性淡香水迷你瓶(4.5ML)$600$208已售出 72苗栗縣後龍鎮找相似,https://shopee.tw//MONTBLANC-萬寶龍-傳奇經典男性淡香水迷你瓶(4.5ML)-i.116345768.2498547139?sp_atk=deafa9d2-ae37-4fa0-8e11-652f176ed46d&xptdk=deafa9d2-ae37-4fa0-8e11-652f176ed46d
蝦皮優選《試香》Montblanc Legend Spirit 萬寶龍傳奇白朗峰男性淡香水 試香紙$35 - $99已售出 13新北市汐止區找相似,https://shopee.tw//《試香》Montblanc-Legend-Spirit-萬寶龍傳奇白朗峰男性淡香水-試香紙-i.1559866.6187171279?sp_atk=e6f70116-90dc-4e5d-b9e8-41af7f862c90&xptdk=e6f70116-90dc-4e5d-b9e8-41af7f862c90
"Montblanc Lady Emblem L`Eau萬寶龍海洋之心女性淡香水30ML/50ML/75ML""公司貨""$1,450 - $1,800已售出 1找相似",https://shopee.tw//Montblanc-Lady-Emblem-L-Eau萬寶龍海洋之心女性淡香水30ML-50ML-75ML-公司貨--i.267136267.4040634490?sp_atk=414c08fc-d429-412d-b564-e5f9829eb1b9&xptdk=414c08fc-d429-412d-b564-e5f9829eb1b9
蝦皮優選各式小香🌸moschino versace 凡賽斯 萬寶龍 trussardi musk tous 香水$210 - $280已售出 29高雄市鼓山區找相似,https://shopee.tw//各式小香🌸moschino-versace-凡賽斯-萬寶龍-trussardi-musk-tous-香水-i.3667874.7649031486?sp_atk=5d61e3c8-03d3-4d32-b6a2-44c9970c4cf1&xptdk=5d61e3c8-03d3-4d32-b6a2-44c9970c4cf1
"MONTBLANC 萬寶龍傳奇白朗峰男性淡香水50ml$1,600已售出 4新北市新店區找相似",https://shopee.tw//MONTBLANC-萬寶龍傳奇白朗峰男性淡香水50ml-i.5485615.13714669846?sp_atk=64216713-f044-4f48-a430-8f9987238077&xptdk=64216713-f044-4f48-a430-8f9987238077
"MONTBLANC 萬寶龍 極致淑女 女性淡香精 75ml《小平頭香水店》$1,800 - $1,850臺北市大同區找相似",https://shopee.tw//MONTBLANC-萬寶龍-極致淑女-女性淡香精-75ml《小平頭香水店》-i.921988.17264603312?sp_atk=64cd8ef8-7d84-46bc-bc79-6f8a2bb6cb43&xptdk=64cd8ef8-7d84-46bc-bc79-6f8a2bb6cb43
"【MONTBLANC 萬寶龍】傳奇經典男性淡香水30、50、100ml 台南5顏6色香水化妝品保養品$1,050 - $1,550已售出 8臺南市中西區找相似",https://shopee.tw//【MONTBLANC-萬寶龍】傳奇經典男性淡香水30、50、100ml-台南5顏6色香水化妝品保養品-i.251069550.7034171131?sp_atk=40e81eac-6952-4462-bd26-0b14b7da57fd&xptdk=40e81eac-6952-4462-bd26-0b14b7da57fd
蝦皮優選~歐巴&歐尼~Mont Blanc 萬寶龍 傳奇經典男性淡香水 4.5ml$170已售出 29新北市三重區找相似,https://shopee.tw//~歐巴-歐尼~Mont-Blanc-萬寶龍-傳奇經典男性淡香水-4.5ml-i.7520398.2779033869?sp_atk=ee04b0ec-32fc-4e21-b116-9e9e26ba7564&xptdk=ee04b0ec-32fc-4e21-b116-9e9e26ba7564
"現貨 經典優雅💕 MONTBLANC Legend 萬寶龍 傳奇經典 男性淡香水 30ml 50ml 100ml 💯正品$1,120已售出 2桃園市中壢區找相似",https://shopee.tw//現貨-經典優雅💕-MONTBLANC-Legend-萬寶龍-傳奇經典-男性淡香水-30ml-50ml-100ml-💯正品-i.14197764.5386555460?sp_atk=4f15ea89-08d8-4fb1-ad9f-d69a3d654dc0&xptdk=4f15ea89-08d8-4fb1-ad9f-d69a3d654dc0
沒有名字的香水店? MONTBLANC Legend Night 萬寶龍 傳奇紳夜 男性淡香精 100ML TESTER$949已售出 2臺北市大同區找相似,https://shopee.tw//沒有名字的香水店-MONTBLANC-Legend-Night-萬寶龍-傳奇紳夜-男性淡香精-100ML-TESTER-i.74027495.1851263684?sp_atk=869e72cc-7159-4ecd-9119-864aa407de9c&xptdk=869e72cc-7159-4ecd-9119-864aa407de9c
"Mont Blanc 萬寶龍 傳奇經典男性淡香水 100ML【UR8D】滿額折$30$1,499已售出 15新北市蘆洲區找相似",https://shopee.tw//Mont-Blanc-萬寶龍-傳奇經典男性淡香水-100ML【UR8D】-i.1372830.1299062768?sp_atk=4b4dbeca-aa5f-4e09-b035-60ccd727d297&xptdk=4b4dbeca-aa5f-4e09-b035-60ccd727d297
"🤍各大品牌香水出售🤍$980 - $3,500新竹縣竹北市找相似",https://shopee.tw//🤍各大品牌香水出售🤍-i.107807425.14702363701?sp_atk=a57b1ec6-5d7e-4862-8a1c-d77edd219a1b&xptdk=a57b1ec6-5d7e-4862-8a1c-d77edd219a1b
蝦皮優選MONT BLANC萬寶龍 傳奇白朗峰 男性淡香水 4.5ml/小香水$200已售出 17新北市林口區找相似,https://shopee.tw//MONT-BLANC萬寶龍-傳奇白朗峰-男性淡香水-4.5ml-小香水-i.243811.16186963?sp_atk=4e7b8906-00a4-486e-8d1d-4ad945e86263&xptdk=4e7b8906-00a4-486e-8d1d-4ad945e86263
現貨🔥Montblanc 萬寶龍探尋旅者男性淡香精 小鐵盒$399高雄市楠梓區找相似,https://shopee.tw//現貨🔥Montblanc-萬寶龍探尋旅者男性淡香精-小鐵盒-i.68997768.11528359635?sp_atk=771a90aa-113d-407a-917f-0634eb0e690d&xptdk=771a90aa-113d-407a-917f-0634eb0e690d
"【日韓美妝】MONT BLANC EMBLEM INTENSE 萬寶龍 銀河男性淡香水 100ML TESTER$1,199已售出 4臺北市大同區找相似",https://shopee.tw//【日韓美妝】MONT-BLANC-EMBLEM-INTENSE-萬寶龍-銀河男性淡香水-100ML-TESTER-i.8521265.1082148553?sp_atk=bfc56baf-96c9-4acc-8010-dd26255c3a26&xptdk=bfc56baf-96c9-4acc-8010-dd26255c3a26
蝦皮優選Montblanc Starwalker 萬寶龍星際旅者男性淡香水 75ml 50ml 另有TESTER【金多利美妝】$880 - $990已售出 28新北市板橋區找相似,https://shopee.tw//Montblanc-Starwalker-萬寶龍星際旅者男性淡香水-75ml-50ml-另有TESTER【金多利美妝】-i.1057606.4047622?sp_atk=032df86c-73e0-40c8-abfc-4eefa8629029&xptdk=032df86c-73e0-40c8-abfc-4eefa8629029
"<麻吉小舖>Mont Blanc LEGEND 萬寶龍 傳奇經典 男性淡香水  100ml .TESTER$1,130已售出 1新北市新莊區找相似",https://shopee.tw//-麻吉小舖-Mont-Blanc-LEGEND-萬寶龍-傳奇經典-男性淡香水-100ml-.TESTER-i.8092927.2179052709?sp_atk=c6fe92d2-6d67-43fd-b6fa-43487cc4a34f&xptdk=c6fe92d2-6d67-43fd-b6fa-43487cc4a34f
Mont blanc Individuel 萬寶龍 獨白 男性淡香水  75ML/50ML$770 - $899已售出 1臺北市大同區找相似,https://shopee.tw//Mont-blanc-Individuel-萬寶龍-獨白-男性淡香水-75ML-50ML-i.12733813.868684535?sp_atk=b6520108-124e-46ca-a173-73b386e38e91&xptdk=b6520108-124e-46ca-a173-73b386e38e91
蝦皮優選【公司貨】萬寶龍Montblanc Legend Red傳奇烈紅男性淡香精 2ml 針管 | 8DAILY香水美材批發$59已售出 9苗栗縣頭份市找相似,https://shopee.tw//【公司貨】萬寶龍Montblanc-Legend-Red傳奇烈紅男性淡香精-2ml-針管-8DAILY香水美材批發-i.1454108.13293118031?sp_atk=60cd8c73-17f8-41cc-8c3c-0aea882a6e43&xptdk=60cd8c73-17f8-41cc-8c3c-0aea882a6e43
"MONT BLANC 萬寶龍 LEGEND 傳奇經典 男性淡香水100ml ☆MUSE 愛美神☆$1,149已售出 2臺北市大同區找相似",https://shopee.tw//MONT-BLANC-萬寶龍-LEGEND-傳奇經典-男性淡香水100ml-☆MUSE-愛美神☆-i.2140077.367969257?sp_atk=d620987d-21f0-4f39-b4cb-197d2c288a83&xptdk=d620987d-21f0-4f39-b4cb-197d2c288a83
【七三七香水精品】Mont Blanc Legend 萬寶龍傳奇經典男性淡香水100ml TESTER$999已售出 3找相似,https://shopee.tw//【七三七香水精品】Mont-Blanc-Legend-萬寶龍傳奇經典男性淡香水100ml-TESTER-i.2761441.2393922679?sp_atk=a6d34bb9-29af-4732-81b6-c9ce2e5f32f4&xptdk=a6d34bb9-29af-4732-81b6-c9ce2e5f32f4
"MONTBLANC 萬寶龍 INDIVIDUEL 獨白 男性淡香水 75ml 正常包裝 TESTER$980 - $1,150已售出 6新北市中和區找相似",https://shopee.tw//MONTBLANC-萬寶龍-INDIVIDUEL-獨白-男性淡香水-75ml-正常包裝-TESTER-i.4182935.1364008783?sp_atk=f9a97dfd-a3ef-47a5-a13a-71933764c41b&xptdk=f9a97dfd-a3ef-47a5-a13a-71933764c41b
"【現貨原廠正品】MONTBLANC 萬寶龍 海洋之心女性淡香水 30ML 75ML 海洋之心 EDT 香水 淡香水 女香$1,000 - $1,850已售出 1臺中市潭子區找相似",https://shopee.tw//【現貨原廠正品】MONTBLANC-萬寶龍-海洋之心女性淡香水-30ML-75ML-海洋之心-EDT-香水-淡香水-女香-i.477179618.8772419716?sp_atk=afb3f1a8-cc78-4c66-a181-a4a7d37c3c48&xptdk=afb3f1a8-cc78-4c66-a181-a4a7d37c3c48
H.T香氛🔮Mercedes Benz 賓士爵色佳人女性淡香水 7ML$390高雄市湖內區找相似,https://shopee.tw//H.T香氛🔮Mercedes-Benz-賓士爵色佳人女性淡香水-7ML-i.5639691.11829720590?sp_atk=c14a2048-8ff8-4f06-8385-f4d830a0ddc4&xptdk=c14a2048-8ff8-4f06-8385-f4d830a0ddc4
【金萊美】MONTBLANC 萬寶龍星辰女性淡香水 分裝試管 針管 2.5ML$55 - $95已售出 9彰化縣員林市找相似,https://shopee.tw//【金萊美】MONTBLANC-萬寶龍星辰女性淡香水-分裝試管-針管-2.5ML-i.117900058.2005112749?sp_atk=964a7ade-51b1-4dbb-bb77-7b90057810d3&xptdk=964a7ade-51b1-4dbb-bb77-7b90057810d3
蝦皮優選Montblanc 萬寶龍 傳奇經典男性淡香水 5ML/10ML分裝香水 柑苔調$70 - $176已售出 7新北市永和區找相似,https://shopee.tw//Montblanc-萬寶龍-傳奇經典男性淡香水-5ML-10ML分裝香水-柑苔調-i.40382526.1504879939?sp_atk=761cfd86-d2a6-4335-b3f6-d47eb6fdf50a&xptdk=761cfd86-d2a6-4335-b3f6-d47eb6fdf50a
"Montblanc Legend 傳奇至尊 男性淡香精 100ML/50ml◐香水綁馬尾◐$1,049 - $1,449已售出 3臺北市大同區找相似",https://shopee.tw//Montblanc-Legend-傳奇至尊-男性淡香精-100ML-50ml◐香水綁馬尾◐-i.2002627.4570875883?sp_atk=f019e65f-bfc3-4200-9676-f5637175a25d&xptdk=f019e65f-bfc3-4200-9676-f5637175a25d
MONT BLANC LEGEND SPIRIT 萬寶龍 傳奇白朗峰 男性淡香水 4.5ML$149已售出 7臺北市大同區找相似,https://shopee.tw//MONT-BLANC-LEGEND-SPIRIT-萬寶龍-傳奇白朗峰-男性淡香水-4.5ML-i.8521265.50491304?sp_atk=90af9413-38f4-404d-994b-8f1fd0331461&xptdk=90af9413-38f4-404d-994b-8f1fd0331461
MONTBLANC 萬寶龍星際旅者 Starwalker 男性淡香水 50ml / 75ml╭✽香草美人✽╮$890已售出 3新北市中和區找相似,https://shopee.tw//MONTBLANC-萬寶龍星際旅者-Starwalker-男性淡香水-50ml-75ml╭✽香草美人✽╮-i.34221946.3204730083?sp_atk=73b2263d-c220-40b1-b0ad-08da862a59e8&xptdk=73b2263d-c220-40b1-b0ad-08da862a59e8
🔥現貨🔥MONTBLANC 萬寶龍探尋藍海男性淡香精 針管/試管香水 2ml 隨貨附發票 夢鹿$75臺北市大安區找相似,https://shopee.tw//🔥現貨🔥MONTBLANC-萬寶龍探尋藍海男性淡香精-針管-試管香水-2ml-隨貨附發票-夢鹿-i.74574358.11070505160?sp_atk=65c50446-49f6-4968-ba00-3136f9d2052f&xptdk=65c50446-49f6-4968-ba00-3136f9d2052f
"蝦皮購物
MONTBLANC 萬寶龍 香水迷你瓶多款可選[傳奇經典/傳奇紳夜男仕/EMBLEM 男性/傳奇白朗峰]任選$180 - $200已售出 11嘉義市東區找相似",https://shopee.tw//蝦皮購物-MONTBLANC-萬寶龍-香水迷你瓶多款可選-傳奇經典-傳奇紳夜男仕-EMBLEM-男性-傳奇白朗峰-任選-i.66292659.5032645180?sp_atk=678f4b5a-2465-4bbf-ad2c-808e79f2e827&xptdk=678f4b5a-2465-4bbf-ad2c-808e79f2e827
Montblanc Individuel 萬寶龍 獨白 男性淡香水$850 - $999已售出 4找相似,https://shopee.tw//Montblanc-Individuel-萬寶龍-獨白-男性淡香水-i.2761441.12580926?sp_atk=9fe4f73e-65d9-44df-b191-0f28461f5676&xptdk=9fe4f73e-65d9-44df-b191-0f28461f5676
"【圓融文具小妹】萬寶龍 MONT BLANC LEGEND 經典傳奇 男性 香水 50ml 法國製$1,540已售出 8臺南市南區找相似",https://shopee.tw//【圓融文具小妹】萬寶龍-MONT-BLANC-LEGEND-經典傳奇-男性-香水-50ml-法國製-i.5975006.297209707?sp_atk=408377a1-5c86-4222-96e5-f35cbb41783e&xptdk=408377a1-5c86-4222-96e5-f35cbb41783e
”代理商公司貨”Montblanc Starwalker 萬寶龍星際旅者男性淡香水50ML/75ML$880 - $990嘉義縣大林鎮找相似,https://shopee.tw//”代理商公司貨”Montblanc-Starwalker-萬寶龍星際旅者男性淡香水50ML-75ML-i.18616066.20104109161?sp_atk=9baadcff-9119-4e6d-a478-818006b91247&xptdk=9baadcff-9119-4e6d-a478-818006b91247
【MONTBLANC】萬寶龍 探尋旅者 白朗峰 男生 針管香精 針管香水「加州歐美服飾－高雄」$50 - $70已售出 29高雄市鳳山區找相似,https://shopee.tw//【MONTBLANC】萬寶龍-探尋旅者-白朗峰-男生-針管香精-針管香水「加州歐美服飾－高雄」-i.6865051.2616786012?sp_atk=dc17d731-9a89-4ed0-8c6c-af29bd60bd61&xptdk=dc17d731-9a89-4ed0-8c6c-af29bd60bd61
Mont Blanc 萬寶龍 傳奇白朗峰男性淡香水100ml-Tester版，市價：2950元，平輸，下單前請先詢問貨量$980新北市三重區找相似,https://shopee.tw//Mont-Blanc-萬寶龍-傳奇白朗峰男性淡香水100ml-Tester版，市價：2950元，平輸，下單前請先詢問貨量-i.10148887.3677404855?sp_atk=fefd2b4a-1613-4647-a97a-0f760b96bc81&xptdk=fefd2b4a-1613-4647-a97a-0f760b96bc81
蝦皮優選MONT BLANC萬寶龍 萬寶龍男性淡香水4.5ml+傳奇白朗峰4.5ml/小香水$388已售出 13新北市林口區找相似,https://shopee.tw//MONT-BLANC萬寶龍-萬寶龍男性淡香水4.5ml-傳奇白朗峰4.5ml-小香水-i.243811.16186966?sp_atk=acdf39fb-6a62-4139-a372-ef6f137debe9&xptdk=acdf39fb-6a62-4139-a372-ef6f137debe9
新上市 萬寶龍 MONT BLANC EXPLORER 探尋旅者 香水 4.5ml木質皮革芳香調 另有售大香水$200已售出 33高雄市新興區找相似,https://shopee.tw//新上市-萬寶龍-MONT-BLANC-EXPLORER-探尋旅者-香水-4.5ml木質皮革芳香調-另有售大香水-i.737461.2111723485?sp_atk=82b1c6ce-c57e-4a27-aebf-65eb0e7a382c&xptdk=82b1c6ce-c57e-4a27-aebf-65eb0e7a382c
蝦皮優選☆MOMO小屋☆ MONTBLANC Individuel 萬寶龍 獨白 男性淡香水 75ml$960已售出 3臺北市萬華區找相似,https://shopee.tw//☆MOMO小屋☆-MONTBLANC-Individuel-萬寶龍-獨白-男性淡香水-75ml-i.2919063.24198590?sp_atk=857f3166-98d3-4d9f-8ad6-b05a83ae6ef1&xptdk=857f3166-98d3-4d9f-8ad6-b05a83ae6ef1
*蘋果綠* 萬寶龍 獨白 Mont blanc Individuel 男性淡香水 50ML/75ML/TESTER 75$830 - $990已售出 1臺北市中正區找相似,https://shopee.tw//*蘋果綠*-萬寶龍-獨白-Mont-blanc-Individuel-男性淡香水-50ML-75ML-TESTER-75-i.391841101.3026672564?sp_atk=fc0b2a41-dfff-4175-9735-e311fb113abd&xptdk=fc0b2a41-dfff-4175-9735-e311fb113abd
"岡山戀香水~Montblanc 萬寶龍 Signature 永恆之名女仕淡香精90ml~優惠價:2470元$2,470高雄市岡山區找相似",https://shopee.tw//岡山戀香水~Montblanc-萬寶龍-Signature-永恆之名女仕淡香精90ml~優惠價-2470元-i.7874151.6768959845?sp_atk=40373da9-dfd9-4723-985b-8b40088bdebb&xptdk=40373da9-dfd9-4723-985b-8b40088bdebb
【香水專賣店】MONT BLANC INDIVIDUEL 萬寶龍獨白男性淡香水(5ml)$200已售出 8找相似,https://shopee.tw//【香水專賣店】MONT-BLANC-INDIVIDUEL-萬寶龍獨白男性淡香水(5ml)-i.11280767.2436074843?sp_atk=c16ce17e-2a08-4490-9b29-30f430c2da7c&xptdk=c16ce17e-2a08-4490-9b29-30f430c2da7c
"【VIP美妝】Montblanc Emblem 萬寶龍 海洋之心 女性淡香水75ml/50ml/30ml$1,050 - $1,499已售出 1臺北市大同區找相似",https://shopee.tw//【VIP美妝】Montblanc-Emblem-萬寶龍-海洋之心-女性淡香水75ml-50ml-30ml-i.12733813.868462870?sp_atk=1892089b-47e8-4718-a5d5-016c08a22f05&xptdk=1892089b-47e8-4718-a5d5-016c08a22f05
"萬寶龍 MONTBLANC 傳奇經典淡香水 100ML【岡山真愛香水化妝品批發館】$1,320已售出 4高雄市岡山區找相似",https://shopee.tw//萬寶龍-MONTBLANC-傳奇經典淡香水-100ML【岡山真愛香水化妝品批發館】-i.7840444.51833932?sp_atk=56dbe43e-adf9-402b-a277-5a2ae715c93a&xptdk=56dbe43e-adf9-402b-a277-5a2ae715c93a
✰YENGEE✰MONTBLANC 萬寶龍 傳奇經典 男性淡香水 組合 (7.5香水+50ml鬍後乳)$339已售出 3臺北市大同區找相似,https://shopee.tw//✰YENGEE✰MONTBLANC-萬寶龍-傳奇經典-男性淡香水-組合-(7.5香水-50ml鬍後乳)-i.20782639.2240951241?sp_atk=8f4e1ca3-420b-4006-a33d-8d9ba9433401&xptdk=8f4e1ca3-420b-4006-a33d-8d9ba9433401
"💯正品 MONT BLANC萬寶龍 Starwalker星際旅者男性淡香水 男香【髮拉麗香水美妝x現貨供應中】$980 - $1,170已售出 20新北市新莊區找相似",https://shopee.tw//💯正品-MONT-BLANC萬寶龍-Starwalker星際旅者男性淡香水-男香【髮拉麗香水美妝x現貨供應中】-i.4019111.2522285807?sp_atk=6955dd08-07b3-4863-a363-f9afe6e5c327&xptdk=6955dd08-07b3-4863-a363-f9afe6e5c327
"香水💕💕 Mont Blanc Individuelle 萬寶龍絕代風華女性香水 75ml$1,860高雄市新興區找相似",https://shopee.tw//香水💕💕-Mont-Blanc-Individuelle-萬寶龍絕代風華女性香水-75ml-i.190487112.6018595337?sp_atk=3e5591d3-82b2-4278-896f-354eec56355d&xptdk=3e5591d3-82b2-4278-896f-354eec56355d
【艾莉❤美妝小鋪】Mont Blanc Emblem 萬寶龍 獨白 男性淡香水 75ml<313-476$999已售出 3臺北市中正區找相似,https://shopee.tw//【艾莉❤美妝小鋪】Mont-Blanc-Emblem-萬寶龍-獨白-男性淡香水-75ml-313-476-i.2298919.1317032411?sp_atk=24518b2d-7d11-46fe-824c-ffc6d8c23790&xptdk=24518b2d-7d11-46fe-824c-ffc6d8c23790
［絕版隨身噴式香水］Mont Blanc Legend 萬寶龍 傳奇經典 女性淡香精 10ML多件優惠$680臺北市文山區找相似,https://shopee.tw//［絕版隨身噴式香水］Mont-Blanc-Legend-萬寶龍-傳奇經典-女性淡香精-10ML-i.944620.13871700326?sp_atk=113e8a51-9d08-495d-8fc4-c0a44e65f667&xptdk=113e8a51-9d08-495d-8fc4-c0a44e65f667
"【CAROL】Montblanc 萬寶龍傳奇白朗峰男性淡香水100ml$1,199已售出 1臺北市大同區找相似",https://shopee.tw//【CAROL】Montblanc-萬寶龍傳奇白朗峰男性淡香水100ml-i.484653339.5396492893?sp_atk=56ab1831-70d6-423a-816b-3f2da64d0ec2&xptdk=56ab1831-70d6-423a-816b-3f2da64d0ec2
"MONTBLANC 萬寶龍 EMBLEM 同名 男性淡香水 100ml$1,050臺中市大雅區找相似",https://shopee.tw//MONTBLANC-萬寶龍-EMBLEM-同名-男性淡香水-100ml-i.190270774.10188336422?sp_atk=92b761a7-14d4-4770-a7ec-63ed6d0cf8a0&xptdk=92b761a7-14d4-4770-a7ec-63ed6d0cf8a0
【米】MONT BLANC LEGEND SPIRIT 萬寶龍 傳奇白朗峰 TESTER 100ML$990臺北市中正區找相似,https://shopee.tw//【米】MONT-BLANC-LEGEND-SPIRIT-萬寶龍-傳奇白朗峰-TESTER-100ML-i.88577429.10311109959?sp_atk=0b01a89f-b125-465e-8e63-7b6deb255933&xptdk=0b01a89f-b125-465e-8e63-7b6deb255933
小嫻的店 @Karl綠意香橙木，萬寶龍傳奇白朗峰@專櫃品滿額折$85$720已售出 1高雄市左營區找相似,https://shopee.tw//小嫻的店-Karl綠意香橙木，萬寶龍傳奇白朗峰-專櫃品-i.3391664.1820784570?sp_atk=792004fb-a845-4079-adc0-cd727421e8ed&xptdk=792004fb-a845-4079-adc0-cd727421e8ed
【魔力】Mont blanc Individuel 萬寶龍 獨白 男性淡香水 TESTER 75ML$839臺北市中正區找相似,https://shopee.tw//【魔力】Mont-blanc-Individuel-萬寶龍-獨白-男性淡香水-TESTER-75ML-i.254299890.8957179955?sp_atk=f33e3315-38e7-4ec1-80d6-e67beb1422c3&xptdk=f33e3315-38e7-4ec1-80d6-e67beb1422c3
Mont Blanc LEGEND 萬寶龍 傳奇經典 男性淡香水 4.5ml【小7美妝】$165已售出 20臺北市大同區找相似,https://shopee.tw//Mont-Blanc-LEGEND-萬寶龍-傳奇經典-男性淡香水-4.5ml【小7美妝】-i.3949228.80087104?sp_atk=87a6f239-c8d3-462f-b501-4cbe01067ca8&xptdk=87a6f239-c8d3-462f-b501-4cbe01067ca8
"3.5折MONTBLANC萬寶龍 星際旅者 男性淡香水 75ml (EDT)【Atomo】滿額折$68$2,700$950臺北市中山區找相似",https://shopee.tw//MONTBLANC萬寶龍-星際旅者-男性淡香水-75ml-(EDT)【Atomo】-i.102047010.1696373714?sp_atk=b7a09471-6dd1-48b0-91eb-5bb95d4e16b7&xptdk=b7a09471-6dd1-48b0-91eb-5bb95d4e16b7
分享香 Montblanc Starwalker 萬寶龍星際旅者男性淡香水分裝香5ml.10ml$65已售出 6雲林縣西螺鎮找相似,https://shopee.tw//分享香-Montblanc-Starwalker-萬寶龍星際旅者男性淡香水分裝香5ml.10ml-i.55848018.5728252670?sp_atk=b29aed66-1e93-43fd-8069-573410e51bfd&xptdk=b29aed66-1e93-43fd-8069-573410e51bfd
【香水專賣店】MONTBLANC 傳奇經典男性淡香水(4.5ml)$249已售出 1找相似,https://shopee.tw//【香水專賣店】MONTBLANC-傳奇經典男性淡香水(4.5ml)-i.11280767.2435993919?sp_atk=02a79f25-fea8-4610-942f-a02ab46681e9&xptdk=02a79f25-fea8-4610-942f-a02ab46681e9
"4.3折【MONTBLANC】星際旅者男性淡香水｜iGLAMOUR 愛 迷人滿額折$68$950 - $1,450已售出 2高雄市鼓山區找相似",https://shopee.tw//【MONTBLANC】星際旅者男性淡香水｜iGLAMOUR-愛-迷人-i.478880444.12533991689?sp_atk=b2f5dd3a-7114-4f12-bad7-b1ddd3f22dee&xptdk=b2f5dd3a-7114-4f12-bad7-b1ddd3f22dee
"MONTBLANC萬寶龍 探尋旅者淡香精 100ml 萬寶龍香水 男性香水 男性淡香精$2,900臺中市北區找相似",https://shopee.tw//MONTBLANC萬寶龍-探尋旅者淡香精-100ml-萬寶龍香水-男性香水-男性淡香精-i.16728841.11980369577?sp_atk=4a4f9961-d552-440c-ae90-5ab3d2cdc74b&xptdk=4a4f9961-d552-440c-ae90-5ab3d2cdc74b
"4.4折【MONT BLANC】STARWALKER男性淡香水75ml｜萬寶龍｜紅誠集品$2,950$1,290已售出 4臺北市大安區找相似",https://shopee.tw//【MONT-BLANC】STARWALKER男性淡香水75ml｜萬寶龍｜紅誠集品-i.419514356.4093655963?sp_atk=49bd7255-1982-4391-8e67-adf02f6c13f4&xptdk=49bd7255-1982-4391-8e67-adf02f6c13f4
蝦皮優選Mont blanc LEGEND 萬寶龍 傳奇經典 男性淡香水 4.5ml$145已售出 2臺北市萬華區找相似,https://shopee.tw//Mont-blanc-LEGEND-萬寶龍-傳奇經典-男性淡香水-4.5ml-i.32443987.13963336219?sp_atk=b6b24434-7c42-468a-8e0c-f561ea38f39e&xptdk=b6b24434-7c42-468a-8e0c-f561ea38f39e
"傳奇白朗峰男仕淡香水50ml  LEGEND SPIRIT EDT$1,690桃園市中壢區找相似",https://shopee.tw//傳奇白朗峰男仕淡香水50ml-LEGEND-SPIRIT-EDT-i.79481658.17457694042?sp_atk=0b53a693-4592-4bef-9854-929ecaaf1c3d&xptdk=0b53a693-4592-4bef-9854-929ecaaf1c3d
"大尾香水-MONTBLANC 萬寶龍 探尋旅者100ml滿額折$20$1,499已售出 1新竹市東區找相似",https://shopee.tw//大尾香水-MONTBLANC-萬寶龍-探尋旅者100ml-i.6019282.17938049492?sp_atk=c5e0fac9-69d8-4f45-8b2d-eb1fab67b23e&xptdk=c5e0fac9-69d8-4f45-8b2d-eb1fab67b23e
MONTBLANCML 萬寶龍 傳奇經典男性淡香水迷你瓶 4.5ml 原廠公司貨$200已售出 26高雄市新興區找相似,https://shopee.tw//MONTBLANCML-萬寶龍-傳奇經典男性淡香水迷你瓶-4.5ml-原廠公司貨-i.737461.31271058?sp_atk=377d47fd-cffb-4218-9627-2c0c24948ab3&xptdk=377d47fd-cffb-4218-9627-2c0c24948ab3
"香水 MONT BLANC EMBLEM 萬寶龍 男性淡香水100ml滿額折$60$1,580已售出 1嘉義市東區找相似",https://shopee.tw//香水-MONT-BLANC-EMBLEM-萬寶龍-男性淡香水100ml-i.35650859.1573792377?sp_atk=912a5c5f-fe56-4074-a0a0-5faa30c059f2&xptdk=912a5c5f-fe56-4074-a0a0-5faa30c059f2
"MONTBLANC 萬寶龍 傳奇白朗峰 男仕淡香水 30ml/100ml 【娜娜OUTLET】 情人節禮物 送禮 禮物$1,090 - $1,590臺中市大里區找相似",https://shopee.tw//MONTBLANC-萬寶龍-傳奇白朗峰-男仕淡香水-30ml-100ml-【娜娜OUTLET】-情人節禮物-送禮-禮物-i.10797580.176450678?sp_atk=7e96a17f-13f0-4aab-81b3-05b4a6a5be34&xptdk=7e96a17f-13f0-4aab-81b3-05b4a6a5be34
"波妮小舖♥️ MontBlanc Emblem 萬寶龍 海洋之心 女性淡香水 30ml / 50ml / 75ml$1,050 - $1,499新北市新店區找相似",https://shopee.tw//波妮小舖♥️-MontBlanc-Emblem-萬寶龍-海洋之心-女性淡香水-30ml-50ml-75ml-i.298950974.8037713059?sp_atk=b0734677-db35-4c2c-84f7-e616c67aaa00&xptdk=b0734677-db35-4c2c-84f7-e616c67aaa00
