title,link,search_term
"5.3折廣告❁買一送一❁ Le⭐Lab 實驗⭐室香水同款 31玫瑰 29紅茶 33檀香木 佛手柑 紅茶 10東京 淡香水100ml2 件 5折$3,189$1,680已售出 94臺北市松山區找相似",https://shopee.tw/search?keyword=%E9%A6%99%E6%B0%B4/❁買一送一❁-Le⭐Lab-實驗⭐室香水同款-31玫瑰-29紅茶-33檀香木-佛手柑-紅茶-10東京-淡香水100ml-i.97576140.19507127841?sp_atk=343180ba-2975-4459-8302-fefba1b3e819&xptdk=343180ba-2975-4459-8302-fefba1b3e819,Ormonde Jayne
"6.5折廣告🌟今日下單🌟買一送一 COCO小姐香水系列 N°5 清新晨露 典藏香 馥郁摩登 女士 不正包退 支持驗貨附帶專櫃提袋滿額折$150$1,372 - $2,593已售出 29雲林縣虎尾鎮找相似",https://shopee.tw/search?keyword=%E9%A6%99%E6%B0%B4/🌟今日下單🌟買一送一-COCO小姐香水系列-N°5-清新晨露-典藏香-馥郁摩登-女士-不正包退-支持驗貨附帶專櫃提袋-i.22760576.19825788004?sp_atk=fe22ea17-abb0-4392-840a-6a453e5a3e01&xptdk=fe22ea17-abb0-4392-840a-6a453e5a3e01,Ormonde Jayne
"廣告全場免運 J’o Ma-lo ne 香 水 祖*馬 龍香水 櫻花新款 香水 小蒼蘭 藍風鈴 英國梨100ml滿額折$77$720 - $2,099已售出 31南投縣信義鄉找相似",https://shopee.tw/search?keyword=%E9%A6%99%E6%B0%B4/全場免運-J’o-Ma-lo-ne-香-水-祖*馬-龍香水-櫻花新款-香水-小蒼蘭-藍風鈴-英國梨100ml-i.28208577.19120056862?sp_atk=243715f0-be47-47fb-b9f4-c79467a0b037&xptdk=243715f0-be47-47fb-b9f4-c79467a0b037,Ormonde Jayne
"6.9折廣告🌟今日下單🌟 買一送一 蔚藍香水 香奈♥兒香水 現貨開箱錄影 BLEU香水 藍色香水 蔚藍香精 男性淡香水100ml滿額折$150$1,314 - $2,843已售出 26雲林縣虎尾鎮找相似",https://shopee.tw/search?keyword=%E9%A6%99%E6%B0%B4/🌟今日下單🌟-買一送一-蔚藍香水-香奈♥兒香水-現貨開箱錄影-BLEU香水-藍色香水-蔚藍香精-男性淡香水100ml-i.22760576.18425787613?sp_atk=0801b0f1-20e8-4ea0-b6d2-2883abf3a33d&xptdk=0801b0f1-20e8-4ea0-b6d2-2883abf3a33d,Ormonde Jayne
"5.8折廣告💋買一送一💋Bvlg❁ari 寶格❁麗 香水 大吉嶺茶 原版+夜幽+極致 女士香水 中性淡香水 男士淡香水2 件 5折$2,880$1,680已售出 53新北市石門區找相似",https://shopee.tw/search?keyword=%E9%A6%99%E6%B0%B4/💋買一送一💋Bvlg❁ari-寶格❁麗-香水-大吉嶺茶-原版-夜幽-極致-女士香水-中性淡香水-男士淡香水-i.97578126.10396369053?sp_atk=44b70f4d-46ca-4995-bea9-e3c1d8fdeb99&xptdk=44b70f4d-46ca-4995-bea9-e3c1d8fdeb99,Ormonde Jayne
Ormonde jayne 2ml 8ml 空靈之氣 不羈之煙 花廊茶隅 寂山隱檀 同名男士 暮色香醺 奧詩慕 同名女士$180已售出 34臺北市大同區找相似,https://shopee.tw/search?keyword=%E9%A6%99%E6%B0%B4/Ormonde-jayne-2ml-8ml-空靈之氣-不羈之煙-花廊茶隅-寂山隱檀-同名男士-暮色香醺-奧詩慕-同名女士-i.3525232.4835538163?sp_atk=0226e24a-69e1-4724-9479-0c59bb0cc013&xptdk=0226e24a-69e1-4724-9479-0c59bb0cc013,Ormonde Jayne
🧛‍♂️男香控㊣ Ormonde Jayne OJ 原廠2ml噴管香水含紙卡$220 - $299桃園市大園區找相似,https://shopee.tw/search?keyword=%E9%A6%99%E6%B0%B4/🧛‍♂️男香控㊣-Ormonde-Jayne-OJ-原廠2ml噴管香水含紙卡-i.3559566.13195034979?sp_atk=0d6e7d23-d513-46ca-a562-4615cdafa38f&xptdk=0d6e7d23-d513-46ca-a562-4615cdafa38f,Ormonde Jayne
"Ormonde Jayne FORMOSA  福爾摩沙  限量全球500  寄售  下標前務必詢問貨量$6,845已售出 11臺北市大安區找相似",https://shopee.tw/search?keyword=%E9%A6%99%E6%B0%B4/Ormonde-Jayne-FORMOSA-福爾摩沙-限量全球500-寄售-下標前務必詢問貨量-i.64510458.21803991538?sp_atk=18e1b4b0-1e15-40a5-94db-3f4e3857ee89&xptdk=18e1b4b0-1e15-40a5-94db-3f4e3857ee89,Ormonde Jayne
Ormonde Jayne-四方境界 空靈之氣 QI (42%intensivo)$160 - $720已售出 2新北市永和區找相似,https://shopee.tw/search?keyword=%E9%A6%99%E6%B0%B4/Ormonde-Jayne-四方境界-空靈之氣-QI-(42-intensivo)-i.40773332.19713089426?sp_atk=a96adf17-deec-4a7e-a28c-1d6a4e2f149a&xptdk=a96adf17-deec-4a7e-a28c-1d6a4e2f149a,Ormonde Jayne
專櫃試管香水⭐️ Masque 、Ormonde JAYNE、PG、液態創想$100 - $140已售出 20臺北市中正區找相似,https://shopee.tw/search?keyword=%E9%A6%99%E6%B0%B4/專櫃試管香水⭐️-Masque-、Ormonde-JAYNE、PG、液態創想-i.12917849.9020113664?sp_atk=aba3fcae-c286-427d-a657-bf05f21be313&xptdk=aba3fcae-c286-427d-a657-bf05f21be313,Ormonde Jayne
7.6折空靈之氣  Ormonde Jayne Qi  清冽的茶&清幽的桂  優惠商品$111 - $203已售出 107新北市五股區找相似,https://shopee.tw/search?keyword=%E9%A6%99%E6%B0%B4/空靈之氣-Ormonde-Jayne-Qi-清冽的茶-清幽的桂-優惠商品-i.379446124.9248694105?sp_atk=d73ee56f-8750-457a-b4a5-fda8b4b190cf&xptdk=d73ee56f-8750-457a-b4a5-fda8b4b190cf,Ormonde Jayne
7.6折絕版  曙霧之花  哈洛德百貨限定   Ormonde Jayne One$173 - $206已售出 8新北市五股區找相似,https://shopee.tw/search?keyword=%E9%A6%99%E6%B0%B4/絕版-曙霧之花-哈洛德百貨限定-Ormonde-Jayne-One-i.379446124.10525021740?sp_atk=5759602c-eec0-494d-a98f-35664b8ff8aa&xptdk=5759602c-eec0-494d-a98f-35664b8ff8aa,Ormonde Jayne
Ormonde Jayne (OJ)原廠試管香水$120高雄市苓雅區找相似,https://shopee.tw/search?keyword=%E9%A6%99%E6%B0%B4/Ormonde-Jayne-(OJ)原廠試管香水-i.10487001.20516862464?sp_atk=a74592e5-4c11-4b42-8336-052e20e39110&xptdk=a74592e5-4c11-4b42-8336-052e20e39110,Ormonde Jayne
Ormonde Jayne 皇家琥珀 Ambre Royal 分享噴瓶$110 - $490已售出 22桃園市龜山區找相似,https://shopee.tw/search?keyword=%E9%A6%99%E6%B0%B4/Ormonde-Jayne-皇家琥珀-Ambre-Royal-分享噴瓶-i.11436982.7313887605?sp_atk=a58ee521-04a6-496b-bd00-065afa6f61c8&xptdk=a58ee521-04a6-496b-bd00-065afa6f61c8,Ormonde Jayne
ORMONDE JAYNE TOLU妥魯香脂淡香精旅香8M(二手香水)$300臺中市潭子區找相似,https://shopee.tw/search?keyword=%E9%A6%99%E6%B0%B4/ORMONDE-JAYNE-TOLU妥魯香脂淡香精旅香8M(二手香水)-i.9399961.19225823267?sp_atk=258db892-cd3b-4a8c-b6b8-e21fd197e166&xptdk=258db892-cd3b-4a8c-b6b8-e21fd197e166,Ormonde Jayne
"4.8折廣告💋買一送一💋Herm❁es 大地香水 尼羅河花園 愛馬❁仕 李先生的花園 地中海花園 橘采星光 藍色星光 屋頂花園 絲巾2 件 5折$1,568 - $1,738已售出 25新北市石門區找相似",https://shopee.tw/search?keyword=%E9%A6%99%E6%B0%B4/💋買一送一💋Herm❁es-大地香水-尼羅河花園-愛馬❁仕-李先生的花園-地中海花園-橘采星光-藍色星光-屋頂花園-絲巾-i.97578126.17473645179?sp_atk=65f94ecc-7b35-4ca8-8601-1385f8c58f1b&xptdk=65f94ecc-7b35-4ca8-8601-1385f8c58f1b,Ormonde Jayne
"5.9折廣告🌟今日下單🌟 買一送一 蔚藍香水 香奈♥兒香水 現貨開箱錄影 BLEU香水 藍色香水 蔚藍香精 男性淡香水100ml2 件 5折$2,880$1,688已售出 6新北市金山區找相似",https://shopee.tw/search?keyword=%E9%A6%99%E6%B0%B4/🌟今日下單🌟-買一送一-蔚藍香水-香奈♥兒香水-現貨開箱錄影-BLEU香水-藍色香水-蔚藍香精-男性淡香水100ml-i.97613321.19017371566?sp_atk=16bb15ac-a4d4-41a1-99be-475d7a6d82e3&xptdk=16bb15ac-a4d4-41a1-99be-475d7a6d82e3,Ormonde Jayne
"5.8折廣告🌟今日下單🌟買一送一 COCO小姐香水系列 N°5 清新晨露 典藏香 馥郁摩登 女士 不正包退 支持驗貨附帶專櫃提袋2 件 5折$1,668 - $2,288已售出 56新北市金山區找相似",https://shopee.tw/search?keyword=%E9%A6%99%E6%B0%B4/🌟今日下單🌟買一送一-COCO小姐香水系列-N°5-清新晨露-典藏香-馥郁摩登-女士-不正包退-支持驗貨附帶專櫃提袋-i.97613321.18201736201?sp_atk=d23ac361-9464-48b1-ba49-0286899d25ec&xptdk=d23ac361-9464-48b1-ba49-0286899d25ec,Ormonde Jayne
"4.8折廣告🌟今日下單🌟 買一送一Dipt🌟yqu 蒂普🌟提克 香水75/100ml 黑標 白標 檀道 無花果 肌膚之華 香水2 件 5折$1,436 - $2,080已售出 11新北市金山區找相似",https://shopee.tw/search?keyword=%E9%A6%99%E6%B0%B4/🌟今日下單🌟-買一送一Dipt🌟yqu-蒂普🌟提克-香水75-100ml-黑標-白標-檀道-無花果-肌膚之華-香水-i.97613321.20704329543?sp_atk=6b115fb6-fc84-4fac-83a8-27f19954975e&xptdk=6b115fb6-fc84-4fac-83a8-27f19954975e,Ormonde Jayne
"4.5折廣告7.19限定下單買一送一 曠野之♥ SAUV♥AGE 香水香精100ml不正包退 EDT 男士香水 男香水淡香兩件五折2 件 5折$1,536 - $1,836新北市石門區找相似",https://shopee.tw/search?keyword=%E9%A6%99%E6%B0%B4/7.19限定下單買一送一-曠野之♥-SAUV♥AGE-香水香精100ml不正包退-EDT-男士香水-男香水淡香兩件五折-i.97578126.19825107586?sp_atk=eef88da8-8cd7-431a-9aaf-2955f8d7de12&xptdk=eef88da8-8cd7-431a-9aaf-2955f8d7de12,Ormonde Jayne
7.6折Ormonde Jayne  福爾摩沙  Formosa  限量500隻$237$181已售出 17新北市五股區找相似,https://shopee.tw/search?keyword=%E9%A6%99%E6%B0%B4/Ormonde-Jayne-福爾摩沙-Formosa-限量500隻-i.379446124.16869965562?sp_atk=9c28f02e-16fe-4f17-8ee6-85d05989d591&xptdk=9c28f02e-16fe-4f17-8ee6-85d05989d591,Ormonde Jayne
Ormonde Janye Montabaco 不羈之煙香精 2ML(平行輸入)$269已售出 1臺北市大同區找相似,https://shopee.tw/search?keyword=%E9%A6%99%E6%B0%B4/Ormonde-Janye-Montabaco-不羈之煙香精-2ML(平行輸入)-i.5431574.19016208383?sp_atk=4ae3c2d2-8b67-4b34-b3d0-0c361bcb2196&xptdk=4ae3c2d2-8b67-4b34-b3d0-0c361bcb2196,Ormonde Jayne
試香 Ormonde Jayne 塔伊夫玫瑰 Ta’if 分享香 OJ$95 - $475已售出 33桃園市中壢區找相似,https://shopee.tw/search?keyword=%E9%A6%99%E6%B0%B4/試香-Ormonde-Jayne-塔伊夫玫瑰-Ta’if-分享香-OJ-i.4683767.5916097224?sp_atk=5f6bc2c0-8e5e-48d3-84e9-de5802e2333a&xptdk=5f6bc2c0-8e5e-48d3-84e9-de5802e2333a,Ormonde Jayne
Ormonde Jayne OJ針管(迷香人公司貨)-日落緹花、靜夜月影、花廊茶隅、暮色香醺、同名女士、皇家琥珀$150 - $160已售出 2找相似,https://shopee.tw/search?keyword=%E9%A6%99%E6%B0%B4/Ormonde-Jayne-OJ針管(迷香人公司貨)-日落緹花、靜夜月影、花廊茶隅、暮色香醺、同名女士、皇家琥珀-i.4025027.18413366959?sp_atk=703f4351-eef8-4771-81aa-396ec36966ff&xptdk=703f4351-eef8-4771-81aa-396ec36966ff,Ormonde Jayne
ORMONDE JAYNE 空靈之氣 8ml 全新 迷香人 旅行香$800新北市淡水區找相似,https://shopee.tw/search?keyword=%E9%A6%99%E6%B0%B4/ORMONDE-JAYNE-空靈之氣-8ml-全新-迷香人-旅行香-i.3947342.20419160061?sp_atk=5f301117-0d3c-4bbb-a536-4048d3e5d181&xptdk=5f301117-0d3c-4bbb-a536-4048d3e5d181,Ormonde Jayne
ORMONDE JAYNE Ambre Royal / Montabaco / 皇家琥珀 8ml /不羈之煙 8ml$800 - $999高雄市小港區找相似,https://shopee.tw/search?keyword=%E9%A6%99%E6%B0%B4/ORMONDE-JAYNE-Ambre-Royal-Montabaco-皇家琥珀-8ml-不羈之煙-8ml-i.1144372.18105619741?sp_atk=8fefcfec-0663-4e35-bd8a-675536a64891&xptdk=8fefcfec-0663-4e35-bd8a-675536a64891,Ormonde Jayne
"[查理正品試香2/5/10ml]  不羈之煙42 %極致版香精 Ormonde Jayne Montabaco 歐夢德$220 - $1,000已售出 8臺北市中山區找相似",https://shopee.tw/search?keyword=%E9%A6%99%E6%B0%B4/-查理正品試香2-5-10ml-不羈之煙42-極致版香精-Ormonde-Jayne-Montabaco-歐夢德-i.2337131.11364687370?sp_atk=ec00eb81-244b-41f4-876d-6ac8479e1e11&xptdk=ec00eb81-244b-41f4-876d-6ac8479e1e11,Ormonde Jayne
7.6折寂山隱檀  Ormonde Jayne Xi'An  絲路系列  西安$140 - $323已售出 17新北市五股區找相似,https://shopee.tw/search?keyword=%E9%A6%99%E6%B0%B4/寂山隱檀-Ormonde-Jayne-Xi'An-絲路系列-西安-i.379446124.12563828897?sp_atk=84cf7431-7496-41ef-b013-a89b6a372381&xptdk=84cf7431-7496-41ef-b013-a89b6a372381,Ormonde Jayne
"Ormonde Jayne Discovery Lab 探索香水禮盒 7x2ML 東方木質組 (平行輸入)$1,399已售出 3臺北市大同區找相似",https://shopee.tw/search?keyword=%E9%A6%99%E6%B0%B4/Ormonde-Jayne-Discovery-Lab-探索香水禮盒-7x2ML-東方木質組-(平行輸入)-i.5431574.11773943712?sp_atk=48d4a6af-75d1-4f12-a367-2e9e6d3db132&xptdk=48d4a6af-75d1-4f12-a367-2e9e6d3db132,Ormonde Jayne
"ormonde jayne 香貝卡 120ml$3,800臺中市西屯區找相似",https://shopee.tw/search?keyword=%E9%A6%99%E6%B0%B4/ormonde-jayne-香貝卡-120ml-i.8977914.11396531570?sp_atk=fc06fae2-652a-4f96-b96f-90b99ae95d02&xptdk=fc06fae2-652a-4f96-b96f-90b99ae95d02,Ormonde Jayne
"8折廣告買一送一YSL 伊夫聖羅蘭 分裝試香 香水 新款先鋒男士Y香水 Y先生 清新海洋香 濃香香水  男士香水  100ml2 件 5折$2,150$1,720已售出 23臺南市中西區找相似",https://shopee.tw/search?keyword=%E9%A6%99%E6%B0%B4/買一送一YSL-伊夫聖羅蘭-分裝試香-香水-新款先鋒男士Y香水-Y先生-清新海洋香-濃香香水-男士香水-100ml-i.7522019.20006133419?sp_atk=20e39c12-0cd0-4931-8ee7-28dfc768f25d&xptdk=20e39c12-0cd0-4931-8ee7-28dfc768f25d,Ormonde Jayne
"6.8折廣告【朕川姬】ZCJ 707 Eau de Parfum 30ml 香氛 浪漫 溫柔 七夕 香水禮盒8.5折$1,880$1,280臺中市北屯區找相似",https://shopee.tw/search?keyword=%E9%A6%99%E6%B0%B4/【朕川姬】ZCJ-707-Eau-de-Parfum-30ml-香氛-浪漫-溫柔-七夕-香水禮盒-i.94265367.12595127466?sp_atk=05e6650e-851a-4bb5-9dc0-969c1c2ac900&xptdk=05e6650e-851a-4bb5-9dc0-969c1c2ac900,Ormonde Jayne
"5.4折廣告❁買一送一❁ 多買多送 Ch10e寇-衣 仙境花園系列 玫瑰 50ml 木蘭 雪松 橙花 木槿花 女性淡香水 淡香精2 件 5折$2,880$1,556已售出 26臺北市松山區找相似",https://shopee.tw/search?keyword=%E9%A6%99%E6%B0%B4/❁買一送一❁-多買多送-Ch10e寇-衣-仙境花園系列-玫瑰-50ml-木蘭-雪松-橙花-木槿花-女性淡香水-淡香精-i.97576140.21208619918?sp_atk=f584b45a-1e3a-4dc0-bd47-811b05342437&xptdk=f584b45a-1e3a-4dc0-bd47-811b05342437,Ormonde Jayne
"5.6折廣告❁買一送一❁Ch10e寇-衣 經典肉絲帶 黃絲帶女士香水 女性淡香精 克羅伊 同名女性香水75ML2 件 5折$2,800$1,558已售出 33臺北市松山區找相似",https://shopee.tw/search?keyword=%E9%A6%99%E6%B0%B4/❁買一送一❁Ch10e寇-衣-經典肉絲帶-黃絲帶女士香水-女性淡香精-克羅伊-同名女性香水75ML-i.97576140.20009712778?sp_atk=f600cf71-2b32-4535-a670-701fe8b8d89f&xptdk=f600cf71-2b32-4535-a670-701fe8b8d89f,Ormonde Jayne
"5.5折廣告🌟今日下單🌟 買一送一 Dior香水 真我純香心悅 真我宣言 迪奧香水 Jadore In Joy 50/100ml正貨2 件 5折$1,288 - $1,888已售出 18新北市金山區找相似",https://shopee.tw/search?keyword=%E9%A6%99%E6%B0%B4/🌟今日下單🌟-買一送一-Dior香水-真我純香心悅-真我宣言-迪奧香水-Jadore-In-Joy-50-100ml正貨-i.97613321.18303588982?sp_atk=2a23c666-9795-48ad-8874-737708545d01&xptdk=2a23c666-9795-48ad-8874-737708545d01,Ormonde Jayne
特價！全新 Ormonde Jayne 四方境界 不羈之煙香水 8 ml$990已售出 3新北市永和區找相似,https://shopee.tw/search?keyword=%E9%A6%99%E6%B0%B4/特價！全新-Ormonde-Jayne-四方境界-不羈之煙香水-8-ml-i.28881065.11757719342?sp_atk=279d75c0-f045-4659-a420-c8144f80d896&xptdk=279d75c0-f045-4659-a420-c8144f80d896,Ormonde Jayne
試香 Ormonde Jayne White Gold 白金 OJ 分享香$150 - $750已售出 19桃園市中壢區找相似,https://shopee.tw/search?keyword=%E9%A6%99%E6%B0%B4/試香-Ormonde-Jayne-White-Gold-白金-OJ-分享香-i.4683767.3436077884?sp_atk=10c42595-7c71-4112-b6ed-c4f8a22e27f5&xptdk=10c42595-7c71-4112-b6ed-c4f8a22e27f5,Ormonde Jayne
7.6折靜夜月影  Ormonde Jayne Indus  絲綢之路的玫瑰之旅$140 - $339已售出 6新北市五股區找相似,https://shopee.tw/search?keyword=%E9%A6%99%E6%B0%B4/靜夜月影-Ormonde-Jayne-Indus-絲綢之路的玫瑰之旅-i.379446124.13763809609?sp_atk=c06f69c7-6c39-4d97-9b3b-ff31b261ae60&xptdk=c06f69c7-6c39-4d97-9b3b-ff31b261ae60,Ormonde Jayne
Ormonde Jayne OJ 同名男士 Ormonde Man 男士淡香精 1.5ML 體驗試管 可噴式 經典男香$249已售出 1臺中市北區找相似,https://shopee.tw/search?keyword=%E9%A6%99%E6%B0%B4/Ormonde-Jayne-OJ-同名男士-Ormonde-Man-男士淡香精-1.5ML-體驗試管-可噴式-經典男香-i.643856.20917566733?sp_atk=44fafec0-7788-408f-bec8-77bc2ab12305&xptdk=44fafec0-7788-408f-bec8-77bc2ab12305,Ormonde Jayne
7.6折同名男士  Ormonde Jayne Man  男人魅力最佳演繹$86 - $182已售出 15新北市五股區找相似,https://shopee.tw/search?keyword=%E9%A6%99%E6%B0%B4/同名男士-Ormonde-Jayne-Man-男人魅力最佳演繹-i.379446124.8648694200?sp_atk=c5278909-60e6-4c1a-b61b-f5eaa8ee16cb&xptdk=c5278909-60e6-4c1a-b61b-f5eaa8ee16cb,Ormonde Jayne
Ormonde Jayne 桂花 分裝試香 Osmanthus$120 - $550已售出 9臺北市信義區找相似,https://shopee.tw/search?keyword=%E9%A6%99%E6%B0%B4/Ormonde-Jayne-桂花-分裝試香-Osmanthus-i.1590012.193958251?sp_atk=472eebb6-f8eb-4583-a8f6-af26f9198be9&xptdk=472eebb6-f8eb-4583-a8f6-af26f9198be9,Ormonde Jayne
🧛‍♂️男香控㊣ Ormonde Jayne OJ Ambre Royal 皇家琥珀 試香$100 - $420已售出 14桃園市大園區找相似,https://shopee.tw/search?keyword=%E9%A6%99%E6%B0%B4/🧛‍♂️男香控㊣-Ormonde-Jayne-OJ-Ambre-Royal-皇家琥珀-試香-i.3559566.7124327878?sp_atk=cba284ee-69de-4d87-b4ef-c1d6a11c96fe&xptdk=cba284ee-69de-4d87-b4ef-c1d6a11c96fe,Ormonde Jayne
試香~ Ormonde Jayne Qi 四方境界 空靈之氣 OJ 香精 分裝香水瓶 5ml 2ml$125 - $520已售出 4臺北市大同區找相似,https://shopee.tw/search?keyword=%E9%A6%99%E6%B0%B4/試香~-Ormonde-Jayne-Qi-四方境界-空靈之氣-OJ-香精-分裝香水瓶-5ml-2ml-i.3525232.12745125214?sp_atk=1861b03f-3f46-4640-8b8c-a6bbde1a4af6&xptdk=1861b03f-3f46-4640-8b8c-a6bbde1a4af6,Ormonde Jayne
"Ormonde Jayne 桂花 Osmanthus 淡香精 50ml$3,900臺北市信義區找相似",https://shopee.tw/search?keyword=%E9%A6%99%E6%B0%B4/Ormonde-Jayne-桂花-Osmanthus-淡香精-50ml-i.9661560.17277664388?sp_atk=92d92a11-f85e-452d-9bbb-0dd0b29f15dd&xptdk=92d92a11-f85e-452d-9bbb-0dd0b29f15dd,Ormonde Jayne
"《里翁義趣購》 英倫茗香 Ormonde Jayne OJ ～  Tsarina 四方境界 霓燦之裳 香水 現貨$8,666高雄市三民區找相似",https://shopee.tw/search?keyword=%E9%A6%99%E6%B0%B4/《里翁義趣購》-英倫茗香-Ormonde-Jayne-OJ-～-Tsarina-四方境界-霓燦之裳-香水-現貨-i.4737637.4152725380?sp_atk=fd42c9c6-17d9-4a4d-9fbd-bb23eafd8edd&xptdk=fd42c9c6-17d9-4a4d-9fbd-bb23eafd8edd,Ormonde Jayne
"5.3折廣告❁買一送一❁M*aison M*argiela馬丁❁馬吉拉淡香水 慵懶週日 泡泡浴 航海日 鮮花市場 壁爐火光 咖啡時光2 件 5折$3,250$1,718已售出 23臺北市松山區找相似",https://shopee.tw/search?keyword=%E9%A6%99%E6%B0%B4/❁買一送一❁M*aison-M*argiela馬丁❁馬吉拉淡香水-慵懶週日-泡泡浴-航海日-鮮花市場-壁爐火光-咖啡時光-i.97576140.21612503131?sp_atk=d4b5227e-7f7b-40c7-b90c-a01c59820620&xptdk=d4b5227e-7f7b-40c7-b90c-a01c59820620,Ormonde Jayne
"3.5折廣告❁買一送一❁Herm❁es 大地香水 尼羅河花園 愛馬❁仕 李先生的花園 地中海花園 橘采星光 藍色星光 屋頂花園 絲巾2 件 5折$1,158 - $1,780已售出 14臺北市松山區找相似",https://shopee.tw/search?keyword=%E9%A6%99%E6%B0%B4/❁買一送一❁Herm❁es-大地香水-尼羅河花園-愛馬❁仕-李先生的花園-地中海花園-橘采星光-藍色星光-屋頂花園-絲巾-i.97576140.18609991846?sp_atk=d0af7191-e867-4370-b3ba-e66602943d35&xptdk=d0af7191-e867-4370-b3ba-e66602943d35,Ormonde Jayne
"廣告Di-or 迪奧 Sauvage Dior 曠野之心男士淡香水噴霧式 持久留香 狂野男士 淡香水100ML 送男友滿額折$77$1,099 - $2,200已售出 30南投縣信義鄉找相似",https://shopee.tw/search?keyword=%E9%A6%99%E6%B0%B4/Di-or-迪奧-Sauvage-Dior-曠野之心男士淡香水噴霧式-持久留香-狂野男士-淡香水100ML-送男友-i.28208577.19222575742?sp_atk=970e7872-50b9-4bf0-bee5-98f8113da2c5&xptdk=970e7872-50b9-4bf0-bee5-98f8113da2c5,Ormonde Jayne
"4.8折廣告🌟今日下單🌟 買一送一Ch♥anel 香♥奈兒1號 新品上架 紅色之水 100ml 紅色之水 紅色山茶花 附帶提袋2 件 5折$3,899$1,888新北市金山區找相似",https://shopee.tw/search?keyword=%E9%A6%99%E6%B0%B4/🌟今日下單🌟-買一送一Ch♥anel-香♥奈兒1號-新品上架-紅色之水-100ml-紅色之水-紅色山茶花-附帶提袋-i.97613321.19815369059?sp_atk=fe1d86be-b220-42a9-87ba-082b1bdaa3a0&xptdk=fe1d86be-b220-42a9-87ba-082b1bdaa3a0,Ormonde Jayne
"3折廣告chanel 香水  no5 香水分裝瓶  淡香水 小香水 香水小樣  試香 coco香水  試香 2ML 香水分裝5 件折 NT$30$167$50已售出 2,954桃園市蘆竹區找相似",https://shopee.tw/search?keyword=%E9%A6%99%E6%B0%B4/chanel-香水-no5-香水分裝瓶-淡香水-小香水-香水小樣-試香-coco香水-試香-2ML-香水分裝-i.411545799.13240737090?sp_atk=8ee36f51-bead-4902-b04c-8c848ce0c364&xptdk=8ee36f51-bead-4902-b04c-8c848ce0c364,Ormonde Jayne
"5.8折廣告❁買一送一❁塞琳香水 思琳 法國高定 celi❁ne 香水 夜未央 禮服 🤵🏻彰顯 聖日爾曼 加州之泉 香水100ML2 件 5折$3,150$1,820已售出 5臺北市松山區找相似",https://shopee.tw/search?keyword=%E9%A6%99%E6%B0%B4/❁買一送一❁塞琳香水-思琳-法國高定-celi❁ne-香水-夜未央-禮服-🤵🏻彰顯-聖日爾曼-加州之泉-香水100ML-i.97576140.13894079232?sp_atk=f7105d7d-9ff8-4caf-8987-d2c2c649970e&xptdk=f7105d7d-9ff8-4caf-8987-d2c2c649970e,Ormonde Jayne
試香~ Ormonde Jayne Evernia 埃弗尼亞 OJ 香精 10ml 5ml 2ml 1ml 試管 針管$85 - $350已售出 2臺北市大同區找相似,https://shopee.tw/search?keyword=%E9%A6%99%E6%B0%B4/試香~-Ormonde-Jayne-Evernia-埃弗尼亞-OJ-香精-10ml-5ml-2ml-1ml-試管-針管-i.3525232.12675188839?sp_atk=a93a42be-b914-4940-abf9-12c8c4a53df8&xptdk=a93a42be-b914-4940-abf9-12c8c4a53df8,Ormonde Jayne
🧛‍♂️男香控㊣ Ormonde Jayne OJ Isfarkand 伊斯法堪得 試香$100 - $420已售出 9桃園市大園區找相似,https://shopee.tw/search?keyword=%E9%A6%99%E6%B0%B4/🧛‍♂️男香控㊣-Ormonde-Jayne-OJ-Isfarkand-伊斯法堪得-試香-i.3559566.6637780249?sp_atk=6e407804-50fe-462e-8d9d-523cf18f2b30&xptdk=6e407804-50fe-462e-8d9d-523cf18f2b30,Ormonde Jayne
Ormonde Jayne 日落緹花 Damask 大馬士革 淡香精 絲路系列 分享 試香$170 - $850臺中市沙鹿區找相似,https://shopee.tw/search?keyword=%E9%A6%99%E6%B0%B4/Ormonde-Jayne-日落緹花-Damask-大馬士革-淡香精-絲路系列-分享-試香-i.4954645.18606105791?sp_atk=88b08c96-97c2-4fdc-b167-24696f52f5a8&xptdk=88b08c96-97c2-4fdc-b167-24696f52f5a8,Ormonde Jayne
降價！全新 Ormonde Jayne 四方境界 空靈之氣 Qi 香水 8 ml$950已售出 9新北市永和區找相似,https://shopee.tw/search?keyword=%E9%A6%99%E6%B0%B4/降價！全新-Ormonde-Jayne-四方境界-空靈之氣-Qi-香水-8-ml-i.28881065.13808315575?sp_atk=4eebff83-d0d2-4c08-bb32-91231920ce45&xptdk=4eebff83-d0d2-4c08-bb32-91231920ce45,Ormonde Jayne
"ormonde Jayne四方境界不羈之菸50ml$5,700臺北市中山區找相似",https://shopee.tw/search?keyword=%E9%A6%99%E6%B0%B4/ormonde-Jayne四方境界不羈之菸50ml-i.191210.12964823802?sp_atk=4f8e2baa-8320-403e-9be4-65fd63d30f28&xptdk=4f8e2baa-8320-403e-9be4-65fd63d30f28,Ormonde Jayne
二手好貨 ☾ Ormonde Jayne 四方境界 空靈之氣 Qi 香水 8 ml$799高雄市小港區找相似,https://shopee.tw/search?keyword=%E9%A6%99%E6%B0%B4/二手好貨-☾-Ormonde-Jayne-四方境界-空靈之氣-Qi-香水-8-ml-i.1144372.17323170024?sp_atk=fd68906b-d31d-413c-b8b6-748596f63c72&xptdk=fd68906b-d31d-413c-b8b6-748596f63c72,Ormonde Jayne
試香 Ormonde Jayne Isfarkand 伊斯法堪得 分享香$95 - $475已售出 7桃園市中壢區找相似,https://shopee.tw/search?keyword=%E9%A6%99%E6%B0%B4/試香-Ormonde-Jayne-Isfarkand-伊斯法堪得-分享香-i.4683767.7779119571?sp_atk=e2be18d4-5d81-40af-b886-e3db34132d4b&xptdk=e2be18d4-5d81-40af-b886-e3db34132d4b,Ormonde Jayne
Ormonde Jayne 奧詩慕 桂花 Osmanthus 淡香精 分裝/試香$90 - $430新北市三重區找相似,https://shopee.tw/search?keyword=%E9%A6%99%E6%B0%B4/Ormonde-Jayne-奧詩慕-桂花-Osmanthus-淡香精-分裝-試香-i.2811267.17053036791?sp_atk=ce4fed35-8d4c-401f-99a0-b194b96a0346&xptdk=ce4fed35-8d4c-401f-99a0-b194b96a0346,Ormonde Jayne
§分享香 OJ 不羈之煙 Ormonde Jayne Montabaco 試香$140 - $560已售出 73找相似,https://shopee.tw/search?keyword=%E9%A6%99%E6%B0%B4/§分享香-OJ-不羈之煙-Ormonde-Jayne-Montabaco-試香-i.360991322.8134286030?sp_atk=e697c79f-f1ad-4903-846f-bbc6729deecf&xptdk=e697c79f-f1ad-4903-846f-bbc6729deecf,Ormonde Jayne
"5.7折廣告💋買一送一💋Chl0e 同名 EDP 女性淡香精 經典同名75ml /仙境花園系列  玫瑰 木蘭 雪松 橙花 木槿花 52 件 5折$1,560 - $1,780已售出 2新北市石門區找相似",https://shopee.tw/search?keyword=%E9%A6%99%E6%B0%B4/💋買一送一💋Chl0e-同名-EDP-女性淡香精-經典同名75ml-仙境花園系列-玫瑰-木蘭-雪松-橙花-木槿花-5-i.97578126.17674748267?sp_atk=64a1410b-b863-4a6b-87cf-2a7e3e633b81&xptdk=64a1410b-b863-4a6b-87cf-2a7e3e633b81,Ormonde Jayne
"9折廣告MOLI✈️ 專櫃💯正品 免運 Di*or迪*奧 曠野之心 SAUVAGE 男士淡香水 EDT EDP 香精 男士香水滿額折$99$1,190 - $1,850已售出 250臺中市西屯區找相似",https://shopee.tw/search?keyword=%E9%A6%99%E6%B0%B4/MOLI✈️-專櫃💯正品-免運-Di*or迪*奧-曠野之心-SAUVAGE-男士淡香水-EDT-EDP-香精-男士香水-i.76340921.19909983425?sp_atk=eec7a894-c1bf-49ec-8126-8b4a71809711&xptdk=eec7a894-c1bf-49ec-8126-8b4a71809711,Ormonde Jayne
"5.2折廣告🌟今日下單🌟 買一送一Jo-Ma.lon.e 香水2022年新款花語限量 絲絨玫瑰與烏木 胭脂玫瑰 玫瑰與木蘭50ml2 件 5折$3,988$2,068已售出 16新北市金山區找相似",https://shopee.tw/search?keyword=%E9%A6%99%E6%B0%B4/🌟今日下單🌟-買一送一Jo-Ma.lon.e-香水2022年新款花語限量-絲絨玫瑰與烏木-胭脂玫瑰-玫瑰與木蘭50ml-i.97613321.19500580794?sp_atk=233256e5-c7ea-45a9-8d4c-30b9f98e9ae1&xptdk=233256e5-c7ea-45a9-8d4c-30b9f98e9ae1,Ormonde Jayne
廣告【✨Bing美少女戰士-美妝小鋪】20ML 淡香水 香水 口袋香水 詩芒口袋香水 女士香水 香水持久 小香水 學生香水$89臺北市大安區找相似,https://shopee.tw/search?keyword=%E9%A6%99%E6%B0%B4/【✨Bing美少女戰士-美妝小鋪】20ML-淡香水-香水-口袋香水-詩芒口袋香水-女士香水-香水持久-小香水-學生香水-i.794459209.21926528985?sp_atk=2549fce0-6e36-4a31-8e1f-ae11d71ccd3a&xptdk=2549fce0-6e36-4a31-8e1f-ae11d71ccd3a,Ormonde Jayne
"6.5折廣告Dior分裝試香 迪奧魅惑清新淡香水 LEau De Toilette粉色魅力女士香水 甜美花果香調 小蒼蘭 100ml$943 - $1,645已售出 9臺南市中西區找相似",https://shopee.tw/search?keyword=%E9%A6%99%E6%B0%B4/Dior分裝試香-迪奧魅惑清新淡香水-LEau-De-Toilette粉色魅力女士香水-甜美花果香調-小蒼蘭-100ml-i.7522019.16071158897?sp_atk=aa20c964-2d13-4318-bad9-4290c3cb83e4&xptdk=aa20c964-2d13-4318-bad9-4290c3cb83e4,Ormonde Jayne
Ormonde Jayne - Champaca 試香$160臺北市大安區找相似,https://shopee.tw/search?keyword=%E9%A6%99%E6%B0%B4/Ormonde-Jayne-Champaca-試香-i.5375998.11319179422?sp_atk=7ab600ac-4453-4ebf-a54b-8fde9959f521&xptdk=7ab600ac-4453-4ebf-a54b-8fde9959f521,Ormonde Jayne
🧛‍♂️男香控㊣ Ormonde Jayne OJ Champaca 香貝卡(黃蘭花) 試香$100 - $420已售出 6桃園市大園區找相似,https://shopee.tw/search?keyword=%E9%A6%99%E6%B0%B4/🧛‍♂️男香控㊣-Ormonde-Jayne-OJ-Champaca-香貝卡(黃蘭花)-試香-i.3559566.4218480192?sp_atk=708ccae7-fa73-4f70-b28b-0b39fce06392&xptdk=708ccae7-fa73-4f70-b28b-0b39fce06392,Ormonde Jayne
Ormonde Jayne Montabaco Verano 不拘之煙 試香 分裝$150 - $750新北市板橋區找相似,https://shopee.tw/search?keyword=%E9%A6%99%E6%B0%B4/Ormonde-Jayne-Montabaco-Verano-不拘之煙-試香-分裝-i.1460091.16063650452?sp_atk=b036da46-6756-4cab-bc9c-841d63db86b5&xptdk=b036da46-6756-4cab-bc9c-841d63db86b5,Ormonde Jayne
Ormonde Jayne OJ 桂花 Osmanthus 奧詩慕 試香$95 - $440高雄市鳳山區找相似,https://shopee.tw/search?keyword=%E9%A6%99%E6%B0%B4/Ormonde-Jayne-OJ-桂花-Osmanthus-奧詩慕-試香-i.11285616.18319815349?sp_atk=b92a9c51-ba5e-486c-adda-d77d22404089&xptdk=b92a9c51-ba5e-486c-adda-d77d22404089,Ormonde Jayne
試香 Ormonde Jayne Indus 靜夜月影 印度 印度河 分享香 OJ 絲路系列 絲綢之路$160 - $800已售出 8桃園市中壢區找相似,https://shopee.tw/search?keyword=%E9%A6%99%E6%B0%B4/試香-Ormonde-Jayne-Indus-靜夜月影-印度-印度河-分享香-OJ-絲路系列-絲綢之路-i.4683767.8514273536?sp_atk=92c22e1e-dd9a-4d16-a1cb-2605cc914fc9&xptdk=92c22e1e-dd9a-4d16-a1cb-2605cc914fc9,Ormonde Jayne
"【香水窩】Ormonde Jayne Champaca 不羈之煙 香貝卡 QI空靈之氣 雞蛋花 120ML$4,999 - $9,999已售出 2桃園市桃園區找相似",https://shopee.tw/search?keyword=%E9%A6%99%E6%B0%B4/【香水窩】Ormonde-Jayne-Champaca-不羈之煙-香貝卡-QI空靈之氣-雞蛋花-120ML-i.166751290.8693521984?sp_atk=10d2b9dd-6d8e-4bf7-8c17-46ba0446fbaf&xptdk=10d2b9dd-6d8e-4bf7-8c17-46ba0446fbaf,Ormonde Jayne
"《分裝》Ormonde Jayne Qi 空靈之氣香精Parfum$260 - $1,050已售出 5臺南市中西區找相似",https://shopee.tw/search?keyword=%E9%A6%99%E6%B0%B4/《分裝》Ormonde-Jayne-Qi-空靈之氣香精Parfum-i.19853454.7885459881?sp_atk=8572cfe4-a58e-4232-8934-4f15c03af6a0&xptdk=8572cfe4-a58e-4232-8934-4f15c03af6a0,Ormonde Jayne
月光族💸Ormonde Jayne - PRIVÉ 私人訂製 試香 1ml分裝$85已售出 2高雄市苓雅區找相似,https://shopee.tw/search?keyword=%E9%A6%99%E6%B0%B4/月光族💸Ormonde-Jayne-PRIVÉ-私人訂製-試香-1ml分裝-i.15821306.10823315193?sp_atk=588b4bfa-13e9-45db-839d-9f4929e9be1c&xptdk=588b4bfa-13e9-45db-839d-9f4929e9be1c,Ormonde Jayne
"Ormonde Jayne 黃金系列 白金 黑金 玫瑰金 50ml 三個願望一次滿足$24,000彰化縣員林市找相似",https://shopee.tw/search?keyword=%E9%A6%99%E6%B0%B4/Ormonde-Jayne-黃金系列-白金-黑金-玫瑰金-50ml-三個願望一次滿足-i.79568665.17469023264?sp_atk=491ae963-ea4a-4b54-960a-f4492b28d804&xptdk=491ae963-ea4a-4b54-960a-f4492b28d804,Ormonde Jayne
分裝 歐夢德傑尼 香貝卡 淡香精 Ormonde Jayne Champaca EDP 試香 針管 OJ加價購$70桃園市大溪區找相似,https://shopee.tw/search?keyword=%E9%A6%99%E6%B0%B4/分裝-歐夢德傑尼-香貝卡-淡香精-Ormonde-Jayne-Champaca-EDP-試香-針管-OJ-i.467928293.3072473002?sp_atk=de66fb6a-dae1-43d1-9d55-55774d6bc70f&xptdk=de66fb6a-dae1-43d1-9d55-55774d6bc70f,Ormonde Jayne
"3.6折廣告Chloe' 淡香水淡香精(30ml 50ml 75ml 100ml)任選-同名 白玫瑰 芳心之旅 粉漾玫瑰-公司貨滿額折$20$1,299 - $3,920已售出 245苗栗縣後龍鎮找相似",https://shopee.tw/search?keyword=%E9%A6%99%E6%B0%B4/Chloe'-淡香水淡香精(30ml-50ml-75ml-100ml)任選-同名-白玫瑰-芳心之旅-粉漾玫瑰-公司貨-i.116345768.7305401393?sp_atk=a72b7073-43af-46f3-a1ba-d200046b6e94&xptdk=a72b7073-43af-46f3-a1ba-d200046b6e94,Ormonde Jayne
4.1折廣告【香水小樣22】香奈兒（COCO) 性感誘人 木質東方調 花果香調2ML$136$56已售出 209桃園市大園區找相似,https://shopee.tw/search?keyword=%E9%A6%99%E6%B0%B4/【香水小樣22】香奈兒（COCO)-性感誘人-木質東方調-花果香調2ML-i.166329119.13860922196?sp_atk=a5fefbc0-0b48-4c90-a7d0-5c6dc33f7833&xptdk=a5fefbc0-0b48-4c90-a7d0-5c6dc33f7833,Ormonde Jayne
4.1折廣告【香水小樣3】范思哲（VERSACE） YELLOW DIAMOND 幻影金鑽香水淡香水  花果香調2ML$136$56已售出 31桃園市大園區找相似,https://shopee.tw/search?keyword=%E9%A6%99%E6%B0%B4/【香水小樣3】范思哲（VERSACE）-YELLOW-DIAMOND-幻影金鑽香水淡香水-花果香調2ML-i.166329119.15418288827?sp_atk=0df504da-b170-4cc1-9ff7-32d2086e7876&xptdk=0df504da-b170-4cc1-9ff7-32d2086e7876,Ormonde Jayne
"廣告泰國🇹🇭聖物-水蛭香水含鏈$1,000桃園市蘆竹區找相似",https://shopee.tw/search?keyword=%E9%A6%99%E6%B0%B4/泰國🇹🇭聖物-水蛭香水含鏈-i.4653097.17719973716?sp_atk=a135b61a-a6a2-4a34-9d87-0f2e4ba3fa85&xptdk=a135b61a-a6a2-4a34-9d87-0f2e4ba3fa85,Ormonde Jayne
4.1折廣告【香水小樣28】愛馬仕（Hermes）橘彩星光濃 花果香調2ML$136$56已售出 151桃園市大園區找相似,https://shopee.tw/search?keyword=%E9%A6%99%E6%B0%B4/【香水小樣28】愛馬仕（Hermes）橘彩星光濃-花果香調2ML-i.166329119.15619361445?sp_atk=96549c14-17fc-4cea-a383-ec1336db2f61&xptdk=96549c14-17fc-4cea-a383-ec1336db2f61,Ormonde Jayne
"ORMONDE JAYNE 皇家琥珀旅香禮盒組 5X8ML (國際航空版-現貨廠商直送)滿額折$50滿額贈$2,899臺北市北投區找相似",https://shopee.tw/search?keyword=%E9%A6%99%E6%B0%B4/ORMONDE-JAYNE-皇家琥珀旅香禮盒組-5X8ML-(國際航空版-現貨廠商直送)-i.567458786.18117943073?sp_atk=d558f33b-64f3-4131-8391-dc8338e71321&xptdk=d558f33b-64f3-4131-8391-dc8338e71321,Ormonde Jayne
分裝 歐夢德傑尼 奧詩慕 淡香精 Ormonde Jayne Osmanthus EDP 試香 針管 OJ 桂花$100桃園市大溪區找相似,https://shopee.tw/search?keyword=%E9%A6%99%E6%B0%B4/分裝-歐夢德傑尼-奧詩慕-淡香精-Ormonde-Jayne-Osmanthus-EDP-試香-針管-OJ-桂花-i.467928293.14871175513?sp_atk=870345f3-2c92-4c46-bb75-a19c3b3d4c0d&xptdk=870345f3-2c92-4c46-bb75-a19c3b3d4c0d,Ormonde Jayne
"Ormonde Jayne 黃金系列 White Gold Parfum 白金香精 50ml 限量$4,000臺中市東區找相似",https://shopee.tw/search?keyword=%E9%A6%99%E6%B0%B4/Ormonde-Jayne-黃金系列-White-Gold-Parfum-白金香精-50ml-限量-i.8862385.21315135951?sp_atk=6eb26794-c53a-4792-b87d-f3723fec8987&xptdk=6eb26794-c53a-4792-b87d-f3723fec8987,Ormonde Jayne
"【hanna】ORMONDE JAYNE Elixir/Oudh Discovery Lab 2ml  墨粹系列$2,050桃園市龜山區找相似",https://shopee.tw/search?keyword=%E9%A6%99%E6%B0%B4/【hanna】ORMONDE-JAYNE-Elixir-Oudh-Discovery-Lab-2ml-墨粹系列-i.93587049.15184164226?sp_atk=f21fe0cb-431c-458e-aa9c-cc4f352254bf&xptdk=f21fe0cb-431c-458e-aa9c-cc4f352254bf,Ormonde Jayne
"ORMONDE JAYNE Ambre Royal皇家琥珀旅香禮盒組 8ml*5$2,999臺北市北投區找相似",https://shopee.tw/search?keyword=%E9%A6%99%E6%B0%B4/ORMONDE-JAYNE-Ambre-Royal皇家琥珀旅香禮盒組-8ml*5-i.1588441.13506991319?sp_atk=75966999-fd91-4797-ae84-17f2e1455d3d&xptdk=75966999-fd91-4797-ae84-17f2e1455d3d,Ormonde Jayne
Ormonde Jayne Montabaco Verano 不拘之煙淡香精 2ML(平行輸入)$219臺北市大同區找相似,https://shopee.tw/search?keyword=%E9%A6%99%E6%B0%B4/Ormonde-Jayne-Montabaco-Verano-不拘之煙淡香精-2ML(平行輸入)-i.5431574.18016197977?sp_atk=89a89f8a-b0be-4ec6-9e0b-f19f2dfc5717&xptdk=89a89f8a-b0be-4ec6-9e0b-f19f2dfc5717,Ormonde Jayne
月光族💸Ormonde Jayne - Tsarina intensivo 霓燦之裳 42%濃板 分裝試香$180已售出 2高雄市苓雅區找相似,https://shopee.tw/search?keyword=%E9%A6%99%E6%B0%B4/月光族💸Ormonde-Jayne-Tsarina-intensivo-霓燦之裳-42-濃板-分裝試香-i.15821306.10355222965?sp_atk=efaa04fa-5d8a-4479-941d-7eb34e71b660&xptdk=efaa04fa-5d8a-4479-941d-7eb34e71b660,Ormonde Jayne
"全新ORMONDE  JAYNE 空靈之氣 QI旅香8ml/中文標/百貨公司專櫃貨$1,100臺中市西區找相似",https://shopee.tw/search?keyword=%E9%A6%99%E6%B0%B4/全新ORMONDE-JAYNE-空靈之氣-QI旅香8ml-中文標-百貨公司專櫃貨-i.8338635.15171841519?sp_atk=31eb3ca1-f089-40ad-a51f-49deed2b387f&xptdk=31eb3ca1-f089-40ad-a51f-49deed2b387f,Ormonde Jayne
Ormonde Jayne Osmanthus 奧詩慕桂花淡香精 2ML(平行輸入)$219臺北市大同區找相似,https://shopee.tw/search?keyword=%E9%A6%99%E6%B0%B4/Ormonde-Jayne-Osmanthus-奧詩慕桂花淡香精-2ML(平行輸入)-i.5431574.20916199029?sp_atk=2a98f27f-bd85-43de-94b7-9c22c467f63b&xptdk=2a98f27f-bd85-43de-94b7-9c22c467f63b,Ormonde Jayne
Ormonde Jayne OJ Xi'An 寂山隱檀、Osmanthus奧詩慕桂花淡香精1ml 二手香水🔮試香分裝針管滿額贈$90苗栗縣竹南鎮找相似,https://shopee.tw/search?keyword=%E9%A6%99%E6%B0%B4/Ormonde-Jayne-OJ-Xi'An-寂山隱檀、Osmanthus奧詩慕桂花淡香精1ml-二手香水🔮試香分裝針管-i.14183656.10196006619?sp_atk=34d5cdaa-63fd-49a8-b7ab-aa5ec7d1f91e&xptdk=34d5cdaa-63fd-49a8-b7ab-aa5ec7d1f91e,Ormonde Jayne
"Ormonde Jayne Evernia 埃弗亞淡香精 50ML(平行輸入)$3,199臺北市大同區找相似",https://shopee.tw/search?keyword=%E9%A6%99%E6%B0%B4/Ormonde-Jayne-Evernia-埃弗亞淡香精-50ML(平行輸入)-i.5431574.20814564565?sp_atk=5953c6f1-7ebb-4022-ad3a-4d28761e2cc3&xptdk=5953c6f1-7ebb-4022-ad3a-4d28761e2cc3,Ormonde Jayne
§分享香 OJ 不羈之花 福南梅森百貨限定  Ormonde Jayne Montabaco Flor 試香$160 - $750已售出 18找相似,https://shopee.tw/search?keyword=%E9%A6%99%E6%B0%B4/§分享香-OJ-不羈之花-福南梅森百貨限定-Ormonde-Jayne-Montabaco-Flor-試香-i.360991322.13842221173?sp_atk=5381c715-09bf-4f66-918c-57ae5a1b1d0b&xptdk=5381c715-09bf-4f66-918c-57ae5a1b1d0b,Ormonde Jayne
月光族💸Ormonde Jayne - Jardin d'Ombre／英國限定販售／試香 1ml分裝$100已售出 3高雄市苓雅區找相似,https://shopee.tw/search?keyword=%E9%A6%99%E6%B0%B4/月光族💸Ormonde-Jayne-Jardin-d'Ombre／英國限定販售／試香-1ml分裝-i.15821306.10523314506?sp_atk=c9d3eb45-8bb6-48db-b372-c6686171fe02&xptdk=c9d3eb45-8bb6-48db-b372-c6686171fe02,Ormonde Jayne
"ORMONDE JAYNE 奧詩慕旅香禮盒組 5X8ML (國際航空版-現貨廠商直送)滿額折$50滿額贈$2,899臺北市北投區找相似",https://shopee.tw/search?keyword=%E9%A6%99%E6%B0%B4/ORMONDE-JAYNE-奧詩慕旅香禮盒組-5X8ML-(國際航空版-現貨廠商直送)-i.567458786.18818056791?sp_atk=60a592d5-4cc1-461b-9804-b3b7e85fe442&xptdk=60a592d5-4cc1-461b-9804-b3b7e85fe442,Ormonde Jayne
§分享香 OJ 沉靜之香 Ormonde Jayne Nawab of Oudh 試香$140 - $560已售出 17找相似,https://shopee.tw/search?keyword=%E9%A6%99%E6%B0%B4/§分享香-OJ-沉靜之香-Ormonde-Jayne-Nawab-of-Oudh-試香-i.360991322.10362607062?sp_atk=74f01d94-b611-4d5e-8fbb-34648af643ce&xptdk=74f01d94-b611-4d5e-8fbb-34648af643ce,Ormonde Jayne
試香 Ormonde Jayne Tsarina intensivo 42% 霓燦之裳 濃版 分享香 OJ$170 - $850桃園市中壢區找相似,https://shopee.tw/search?keyword=%E9%A6%99%E6%B0%B4/試香-Ormonde-Jayne-Tsarina-intensivo-42-霓燦之裳-濃版-分享香-OJ-i.4683767.12123203904?sp_atk=b1e29990-8912-4af7-bd6e-6986886af568&xptdk=b1e29990-8912-4af7-bd6e-6986886af568,Ormonde Jayne
Ormonde Jayne Isfarkand 伊斯法坎德 分享瓶裝 分裝 試香$150 - $300新北市板橋區找相似,https://shopee.tw/search?keyword=%E9%A6%99%E6%B0%B4/Ormonde-Jayne-Isfarkand-伊斯法坎德-分享瓶裝-分裝-試香-i.1460091.13545830539?sp_atk=537e34cb-3a84-4f85-ad2a-c2b9c01ff31e&xptdk=537e34cb-3a84-4f85-ad2a-c2b9c01ff31e,Ormonde Jayne
"7.3折Ormonde Jayne / 代購 / 埃弗尼亞 / 奧詩慕 / 費格帕尼 / 香貝卡 / 塔伊夫$3,205 - $4,665臺北市大安區找相似",https://shopee.tw/search?keyword=%E9%A6%99%E6%B0%B4/Ormonde-Jayne-代購-埃弗尼亞-奧詩慕-費格帕尼-香貝卡-塔伊夫-i.64510458.6219074056?sp_atk=b48d3d29-4505-4a2e-a37b-f11f80c635e0&xptdk=b48d3d29-4505-4a2e-a37b-f11f80c635e0,Ormonde Jayne
"蝦皮優選ORMONDE JAYNE 同名男士旅香禮盒組8ml*5入$2,999新北市林口區找相似",https://shopee.tw/search?keyword=%E9%A6%99%E6%B0%B4/ORMONDE-JAYNE-同名男士旅香禮盒組8ml*5入-i.243811.12911345297?sp_atk=d8e9246c-0af6-417a-b403-1b8ff360540a&xptdk=d8e9246c-0af6-417a-b403-1b8ff360540a,Ormonde Jayne
分裝 歐夢德傑尼 日落緹花 淡香精 Ormonde Jayne Damask EDP 試香 針管 OJ$100桃園市大溪區找相似,https://shopee.tw/search?keyword=%E9%A6%99%E6%B0%B4/分裝-歐夢德傑尼-日落緹花-淡香精-Ormonde-Jayne-Damask-EDP-試香-針管-OJ-i.467928293.13174377740?sp_atk=1938d5dc-9aed-441d-bc2a-a24f21d99d0c&xptdk=1938d5dc-9aed-441d-bc2a-a24f21d99d0c,Ormonde Jayne
"Ormonde Jayne Ormonde Man 同名男士淡香精 120ML TESTER(平行輸入)$4,199臺北市大同區找相似",https://shopee.tw/search?keyword=%E9%A6%99%E6%B0%B4/Ormonde-Jayne-Ormonde-Man-同名男士淡香精-120ML-TESTER(平行輸入)-i.5431574.11094509525?sp_atk=a5f59515-d3bd-400b-b1f8-c2ffdd24fb05&xptdk=a5f59515-d3bd-400b-b1f8-c2ffdd24fb05,Ormonde Jayne
"Ormonde Jayne 不羈之煙 髮香噴霧 50ml$1,950高雄市三民區找相似",https://shopee.tw/search?keyword=%E9%A6%99%E6%B0%B4/Ormonde-Jayne-不羈之煙-髮香噴霧-50ml-i.2942368.13313049360?sp_atk=56b04c9b-733b-4635-a6dc-e86e853303b7&xptdk=56b04c9b-733b-4635-a6dc-e86e853303b7,Ormonde Jayne
Ormonde Jayne 印度沉香$350 - $860臺南市南區找相似,https://shopee.tw/search?keyword=%E9%A6%99%E6%B0%B4/Ormonde-Jayne-印度沉香-i.47474157.5068032211?sp_atk=5c998839-961f-4154-8396-afde02feb5f6&xptdk=5c998839-961f-4154-8396-afde02feb5f6,Ormonde Jayne
「ORMONDE JAYNE」 QI 四方境界 空靈之氣 Intensivo42%香精版分裝試香$330 - $750已售出 1臺南市南區找相似,https://shopee.tw/search?keyword=%E9%A6%99%E6%B0%B4/「ORMONDE-JAYNE」-QI-四方境界-空靈之氣-Intensivo42-香精版分裝試香-i.47474157.6634787317?sp_atk=86a6b87b-5e41-4fd8-b840-4694943d600a&xptdk=86a6b87b-5e41-4fd8-b840-4694943d600a,Ormonde Jayne
"【分裝】英倫香氛品牌 ORMONDE JAYNE 桂花 Osmanthus eau de parfum 淡香精 10ML$650 - $1,850已售出 2臺北市南港區找相似",https://shopee.tw/search?keyword=%E9%A6%99%E6%B0%B4/【分裝】英倫香氛品牌-ORMONDE-JAYNE-桂花-Osmanthus-eau-de-parfum-淡香精-10ML-i.3979567.4906259911?sp_atk=f7939c3a-0357-46f1-8fa5-ff48cb0a1fb8&xptdk=f7939c3a-0357-46f1-8fa5-ff48cb0a1fb8,Ormonde Jayne
§分享香 OJ  緋紅塔伊夫 Ormonde Jayne Ta'if Intensivo 試香$160 - $750已售出 7找相似,https://shopee.tw/search?keyword=%E9%A6%99%E6%B0%B4/§分享香-OJ-緋紅塔伊夫-Ormonde-Jayne-Ta'if-Intensivo-試香-i.360991322.11728551658?sp_atk=34f441b5-fee1-4f96-8b66-fb253040923e&xptdk=34f441b5-fee1-4f96-8b66-fb253040923e,Ormonde Jayne
"ORMONDE JAYNE  Osmanthus Elixir 桂花靈藥 香精 50ML (平行輸入)$4,899臺北市大同區找相似",https://shopee.tw/search?keyword=%E9%A6%99%E6%B0%B4/ORMONDE-JAYNE-Osmanthus-Elixir-桂花靈藥-香精-50ML-(平行輸入)-i.5431574.14352761692?sp_atk=6b528d24-97b6-4440-a98d-954986832c45&xptdk=6b528d24-97b6-4440-a98d-954986832c45,Ormonde Jayne
"ORMONDE JAYNE Ormonde Man同名男士旅香禮盒組 8ml*5$2,999臺北市北投區找相似",https://shopee.tw/search?keyword=%E9%A6%99%E6%B0%B4/ORMONDE-JAYNE-Ormonde-Man同名男士旅香禮盒組-8ml*5-i.1588441.12807110068?sp_atk=509f83f7-0b08-4f05-8748-5a334bdc03df&xptdk=509f83f7-0b08-4f05-8748-5a334bdc03df,Ormonde Jayne
"Ormonde Jayne Tsarina Intensivo 四方境界 - 霓燦之裳 50ML TESTER(平行輸入$5,299臺北市大同區找相似",https://shopee.tw/search?keyword=%E9%A6%99%E6%B0%B4/Ormonde-Jayne-Tsarina-Intensivo-四方境界-霓燦之裳-50ML-TESTER(平行輸入-i.5431574.14977923962?sp_atk=f2e0923d-7974-431f-b186-8c8c01e1d319&xptdk=f2e0923d-7974-431f-b186-8c8c01e1d319,Ormonde Jayne
分裝 歐夢德傑尼 同名女性淡香精 Ormonde Jayne Ormonde Jayne EDP 試香 針管 OJ$70桃園市大溪區找相似,https://shopee.tw/search?keyword=%E9%A6%99%E6%B0%B4/分裝-歐夢德傑尼-同名女性淡香精-Ormonde-Jayne-Ormonde-Jayne-EDP-試香-針管-OJ-i.467928293.12174378819?sp_atk=7d07a880-2685-4c62-9468-c2735958d78f&xptdk=7d07a880-2685-4c62-9468-c2735958d78f,Ormonde Jayne
"ormonde  jayne《OJ香貝卡》二手香水50ml$3,500高雄市鼓山區找相似",https://shopee.tw/search?keyword=%E9%A6%99%E6%B0%B4/ormonde-jayne《OJ香貝卡》二手香水50ml-i.3935543.14548070503?sp_atk=b4970555-92d4-47e1-a4f9-9f75eb35cc1d&xptdk=b4970555-92d4-47e1-a4f9-9f75eb35cc1d,Ormonde Jayne
7.6折奧詩慕  髮香  Ormonde Jayne Osmanthus  Hair Mist$90 - $385已售出 4新北市五股區找相似,https://shopee.tw/search?keyword=%E9%A6%99%E6%B0%B4/奧詩慕-髮香-Ormonde-Jayne-Osmanthus-Hair-Mist-i.379446124.12321977036?sp_atk=a7953d94-be1a-4b5f-b35f-5b255182fe7d&xptdk=a7953d94-be1a-4b5f-b35f-5b255182fe7d,Ormonde Jayne
"Ormonde Jayne 試管香水組合 Discovery Lab 二手近全新$1,400新竹縣竹北市找相似",https://shopee.tw/search?keyword=%E9%A6%99%E6%B0%B4/Ormonde-Jayne-試管香水組合-Discovery-Lab-二手近全新-i.22526176.3092599822?sp_atk=23ed3dce-4855-457d-9203-9bbd4f807ce3&xptdk=23ed3dce-4855-457d-9203-9bbd4f807ce3,Ormonde Jayne
"Ormonde Jayne Ormonde Woman 同名女士淡香精 120ML TESTER(平行輸入)$4,199臺北市大同區找相似",https://shopee.tw/search?keyword=%E9%A6%99%E6%B0%B4/Ormonde-Jayne-Ormonde-Woman-同名女士淡香精-120ML-TESTER(平行輸入)-i.5431574.14384635610?sp_atk=26bfb0c7-301e-453c-ba8f-72a01981afd4&xptdk=26bfb0c7-301e-453c-ba8f-72a01981afd4,Ormonde Jayne
"Ormonde Jayne ORMONDE ELIXIR 同名靈藥 香精 50ML$4,899臺北市大同區找相似",https://shopee.tw/search?keyword=%E9%A6%99%E6%B0%B4/Ormonde-Jayne-ORMONDE-ELIXIR-同名靈藥-香精-50ML-i.5431574.7736016929?sp_atk=5d1660eb-6fd1-449d-bf64-f0e09e079e4d&xptdk=5d1660eb-6fd1-449d-bf64-f0e09e079e4d,Ormonde Jayne
"Ormonde Jayne Tsarina 霓燦之裳旅香禮盒組8ml*5$3,900已售出 1臺北市北投區找相似",https://shopee.tw/search?keyword=%E9%A6%99%E6%B0%B4/Ormonde-Jayne-Tsarina-霓燦之裳旅香禮盒組8ml*5-i.1588441.10449794099?sp_atk=694cab81-7019-4249-b4fa-67c3fd1b38c9&xptdk=694cab81-7019-4249-b4fa-67c3fd1b38c9,Ormonde Jayne
§分享香 OJ 玫瑰金 Ormonde Jayne Rose Gold 試香$160 - $750找相似,https://shopee.tw/search?keyword=%E9%A6%99%E6%B0%B4/§分享香-OJ-玫瑰金-Ormonde-Jayne-Rose-Gold-試香-i.360991322.16730187201?sp_atk=8d142f01-39f1-4528-89ea-29b5df8cff52&xptdk=8d142f01-39f1-4528-89ea-29b5df8cff52,Ormonde Jayne
§分享香 OJ 不羈之煙 象牙海岸 哈洛德百貨限定 Ormonde Jayne Montabaco Ivoire 試香$160 - $750已售出 11找相似,https://shopee.tw/search?keyword=%E9%A6%99%E6%B0%B4/§分享香-OJ-不羈之煙-象牙海岸-哈洛德百貨限定-Ormonde-Jayne-Montabaco-Ivoire-試香-i.360991322.12647545738?sp_atk=4eb62c18-5d87-40f2-b618-7d4117312344&xptdk=4eb62c18-5d87-40f2-b618-7d4117312344,Ormonde Jayne
"【香水窩】Ormonde Jayne 小香組8ML*5$3,680 - $3,780桃園市桃園區找相似",https://shopee.tw/search?keyword=%E9%A6%99%E6%B0%B4/【香水窩】Ormonde-Jayne-小香組8ML*5-i.166751290.13206488678?sp_atk=ef8df0bd-e4e9-4e84-9053-8a33656b9930&xptdk=ef8df0bd-e4e9-4e84-9053-8a33656b9930,Ormonde Jayne
"7.3折Ormonde Jayne / 寂山隱檀$5,390$3,935臺北市大安區找相似",https://shopee.tw/search?keyword=%E9%A6%99%E6%B0%B4/Ormonde-Jayne-寂山隱檀-i.64510458.14704620105?sp_atk=ab3a3301-feac-4f62-ad7a-567133e3658a&xptdk=ab3a3301-feac-4f62-ad7a-567133e3658a,Ormonde Jayne
試香 Ormonde Jayne Montabaco intensivo 濃版 香精 分享香 OJ$180 - $900已售出 10桃園市中壢區找相似,https://shopee.tw/search?keyword=%E9%A6%99%E6%B0%B4/試香-Ormonde-Jayne-Montabaco-intensivo-濃版-香精-分享香-OJ-i.4683767.5851728642?sp_atk=28efbd73-dc57-4bd1-84e3-c2d5d605a92e&xptdk=28efbd73-dc57-4bd1-84e3-c2d5d605a92e,Ormonde Jayne
試香 Ormonde Jayne 塔伊夫玫瑰 Ta’if 分享香 OJ$95 - $475已售出 33桃園市中壢區找相似,https://shopee.tw/search?keyword=%E9%A6%99%E6%B0%B4/試香-Ormonde-Jayne-塔伊夫玫瑰-Ta’if-分享香-OJ-i.4683767.5916097224?sp_atk=0057d9a0-59c5-4aed-8668-cdaee9d49c85&xptdk=0057d9a0-59c5-4aed-8668-cdaee9d49c85,Ormonde Jayne
Ormonde Jayne 同名男香 分享噴瓶$110 - $490已售出 23桃園市龜山區找相似,https://shopee.tw/search?keyword=%E9%A6%99%E6%B0%B4/Ormonde-Jayne-同名男香-分享噴瓶-i.11436982.2602113899?sp_atk=6fe10078-4f9f-4bf4-b77a-56c72e359e89&xptdk=6fe10078-4f9f-4bf4-b77a-56c72e359e89,Ormonde Jayne
Ormonde Jayne Qi 空靈之氣 parfum 非intensivo 分享噴瓶$145 - $680已售出 101桃園市龜山區找相似,https://shopee.tw/search?keyword=%E9%A6%99%E6%B0%B4/Ormonde-Jayne-Qi-空靈之氣-parfum-非intensivo-分享噴瓶-i.11436982.7413885351?sp_atk=db5397e5-b0f0-4548-9412-cb4e70ee3fec&xptdk=db5397e5-b0f0-4548-9412-cb4e70ee3fec,Ormonde Jayne
試香 Ormonde Jayne Vanille D’Iris 香草鳶尾 OJ 分享香$105 - $525已售出 20桃園市中壢區找相似,https://shopee.tw/search?keyword=%E9%A6%99%E6%B0%B4/試香-Ormonde-Jayne-Vanille-D’Iris-香草鳶尾-OJ-分享香-i.4683767.3346475742?sp_atk=69e158df-42b2-4c41-acf6-5be05b115d68&xptdk=69e158df-42b2-4c41-acf6-5be05b115d68,Ormonde Jayne
試香 Ormonde Jayne 沉靜之香 Nawab of Oudh Parfum OJ 沉香 香精 分享瓶$150 - $750已售出 26桃園市中壢區找相似,https://shopee.tw/search?keyword=%E9%A6%99%E6%B0%B4/試香-Ormonde-Jayne-沉靜之香-Nawab-of-Oudh-Parfum-OJ-沉香-香精-分享瓶-i.4683767.3819490855?sp_atk=f90e1217-3ba9-4895-9828-29f18c7e82ec&xptdk=f90e1217-3ba9-4895-9828-29f18c7e82ec,Ormonde Jayne
Ormonde Jayne 空靈之氣 Qi Intensivo 42% 分享噴瓶$180已售出 32桃園市龜山區找相似,https://shopee.tw/search?keyword=%E9%A6%99%E6%B0%B4/Ormonde-Jayne-空靈之氣-Qi-Intensivo-42-分享噴瓶-i.11436982.6594181033?sp_atk=5b913d21-ade8-4fd6-9c10-dd5c3e4c7833&xptdk=5b913d21-ade8-4fd6-9c10-dd5c3e4c7833,Ormonde Jayne
試香 Ormonde Jayne White Gold 白金 OJ 分享香$150 - $750已售出 19桃園市中壢區找相似,https://shopee.tw/search?keyword=%E9%A6%99%E6%B0%B4/試香-Ormonde-Jayne-White-Gold-白金-OJ-分享香-i.4683767.3436077884?sp_atk=662cd7c2-d3ac-4473-91b7-3eb99c8a0c48&xptdk=662cd7c2-d3ac-4473-91b7-3eb99c8a0c48,Ormonde Jayne
狂情熾愛 Passionate Love Ormonde Jayne 分享噴瓶$180 - $530已售出 1桃園市龜山區找相似,https://shopee.tw/search?keyword=%E9%A6%99%E6%B0%B4/狂情熾愛-Passionate-Love-Ormonde-Jayne-分享噴瓶-i.11436982.8615392729?sp_atk=cde117f7-58a2-49cc-bde8-3c36b0068f0f&xptdk=cde117f7-58a2-49cc-bde8-3c36b0068f0f,Ormonde Jayne
試香 Ormonde Jayne Jardin D’Ange 天使詩篇 OJ 天使花園 分享香 百貨限定$120 - $600已售出 9桃園市中壢區找相似,https://shopee.tw/search?keyword=%E9%A6%99%E6%B0%B4/試香-Ormonde-Jayne-Jardin-D’Ange-天使詩篇-OJ-天使花園-分享香-百貨限定-i.4683767.5355723176?sp_atk=ad1adc59-e360-4ad7-bc23-6d0cf641f639&xptdk=ad1adc59-e360-4ad7-bc23-6d0cf641f639,Ormonde Jayne
"全新現貨：Ormonde Jayne Qi Intensivo 空靈之氣 42% 50ml$5,500已售出 1新北市土城區找相似",https://shopee.tw/search?keyword=%E9%A6%99%E6%B0%B4/全新現貨：Ormonde-Jayne-Qi-Intensivo-空靈之氣-42-50ml-i.2358480.21019323721?sp_atk=7695cfc1-9b15-41ad-844d-b7d161a43104&xptdk=7695cfc1-9b15-41ad-844d-b7d161a43104,Ormonde Jayne
Ormonde Jayne Qi 四方境界 OJ空靈之氣Intensivo濃香版分裝瓶試聞瓶試管香$170臺南市北區找相似,https://shopee.tw/search?keyword=%E9%A6%99%E6%B0%B4/Ormonde-Jayne-Qi-四方境界-OJ空靈之氣Intensivo濃香版分裝瓶試聞瓶試管香-i.3878643.20106312213?sp_atk=fbc86b10-f203-4a29-ad11-2fe9b50fc0fc&xptdk=fbc86b10-f203-4a29-ad11-2fe9b50fc0fc,Ormonde Jayne
試香 Ormonde Jayne Tolu 妥魯香脂 OJ 分享香$95 - $475已售出 12桃園市中壢區找相似,https://shopee.tw/search?keyword=%E9%A6%99%E6%B0%B4/試香-Ormonde-Jayne-Tolu-妥魯香脂-OJ-分享香-i.4683767.7435980371?sp_atk=3c8f05ce-6592-4029-b5df-d67a8b3ac86e&xptdk=3c8f05ce-6592-4029-b5df-d67a8b3ac86e,Ormonde Jayne
香水試香：ORMONDE JAYNE QI Intensivo 空靈之氣$150 - $700新北市土城區找相似,https://shopee.tw/search?keyword=%E9%A6%99%E6%B0%B4/香水試香：ORMONDE-JAYNE-QI-Intensivo-空靈之氣-i.2358480.21220158511?sp_atk=8d81f454-28d8-407a-ba5e-a33462cfea80&xptdk=8d81f454-28d8-407a-ba5e-a33462cfea80,Ormonde Jayne
試香 Ormonde Jayne Byzance 拜占庭 土耳其 La Route De Soie 絲路 OJ 分享香$180 - $900已售出 11桃園市中壢區找相似,https://shopee.tw/search?keyword=%E9%A6%99%E6%B0%B4/試香-Ormonde-Jayne-Byzance-拜占庭-土耳其-La-Route-De-Soie-絲路-OJ-分享香-i.4683767.4946368734?sp_atk=fe5b43df-c546-4617-ab78-81b87ed781f5&xptdk=fe5b43df-c546-4617-ab78-81b87ed781f5,Ormonde Jayne
